,model,task,step,batch_idx,absolute_time,smiles,valid,valid_score,unique,occurrences,desc_QED,desc_SAscore,desc_CLogP,desc_MolWt,desc_HeavyAtomCount,desc_HeavyAtomMolWt,desc_NumHAcceptors,desc_NumHDonors,desc_NumHeteroatoms,desc_NumRotatableBonds,desc_NumAromaticRings,desc_NumAliphaticRings,desc_RingCount,desc_TPSA,desc_PenLogP,desc_FormalCharge,desc_MolecularFormula,desc_Bertz,desc_MaxConsecutiveRotatableBonds,desc_FlourineCount,EGFR_Sim,EGFR_Cmpd1_Sim,EGFR_Cmpd2_Sim,EGFR_Cmpd3_Sim,EGFR_Cmpd4_Sim,raw_EGFR_Sim,single,filter,score_time
9216,REINFORCE,EGFR,73,0,132.0233507156372,CCn1nc(C(=O)N2CCc3sccc3C2c2ccc(F)cc2)cc1C,true,1,true,0,0.6939324222450134,0.0,4.199920000000003,369.4650000000001,26.0,349.3050000000001,4.0,0.0,6.0,3.0,3.0,1.0,4.0,38.13,0.0,0.0,C20H20FN3OS,944.379441842874,1.0,1.0,0.38983050847457623,0.2692307692307693,0.2571428571428571,0.38983050847457623,0.28985507246376807,0.38983050847457623,0.38983050847457623,1.0,1.2135295867919922
9217,REINFORCE,EGFR,73,1,132.0233507156372,COc1cc(Nc2ccc(OC)cc2C=O)cc(OC)c1,true,1,true,0,0.8263127404415976,0.0,3.2685000000000013,287.315,21.0,270.179,5.0,1.0,5.0,6.0,2.0,0.0,2.0,56.790000000000006,0.0,0.0,C16H17NO4,617.9192573261016,2.0,0.0,0.46153846153846156,0.46153846153846156,0.34285714285714286,0.4067796610169492,0.37681159420289856,0.46153846153846156,0.46153846153846156,1.0,1.2135295867919922
9218,REINFORCE,EGFR,73,2,132.0233507156372,Cc1cc(NC(=O)CCC(=O)N2C(C)CCCC2C)no1,true,1,true,0,0.9250583446108327,0.0,2.49122,293.367,21.0,270.183,4.0,1.0,6.0,4.0,1.0,1.0,2.0,75.44,0.0,0.0,C15H23N3O3,502.0170497895657,3.0,0.0,0.4067796610169492,0.3653846153846154,0.2857142857142857,0.4067796610169492,0.2753623188405797,0.4067796610169492,0.4067796610169492,1.0,1.2135295867919922
9219,REINFORCE,EGFR,73,3,132.0233507156372,CCOc1c(C)cc(NC(=O)COc2ccc(C(C)(C)C)cc2)cc1C,true,1,true,0,0.7915359390513748,0.0,5.017140000000005,355.47800000000007,26.0,326.2460000000001,3.0,1.0,4.0,6.0,2.0,0.0,2.0,47.56,0.0,0.0,C22H29NO3,734.9422071716473,3.0,0.0,0.37681159420289856,0.34615384615384615,0.3285714285714286,0.3728813559322034,0.37681159420289856,0.37681159420289856,0.37681159420289856,1.0,1.2135295867919922
9220,REINFORCE,EGFR,73,4,132.0233507156372,CC1=C(Cc2ccccc2F)CN(C)C(=O)N1CC(=O)NC(C)C,true,1,true,0,0.9001623404826138,0.0,2.5342000000000002,333.407,24.0,309.21500000000003,2.0,1.0,6.0,5.0,1.0,1.0,2.0,52.650000000000006,0.0,0.0,C18H24FN3O2,669.9826486223163,2.0,1.0,0.42307692307692313,0.42307692307692313,0.3857142857142857,0.4067796610169492,0.3188405797101449,0.42307692307692313,0.42307692307692313,1.0,1.2135295867919922
9221,REINFORCE,EGFR,73,5,132.0233507156372,Cc1cc(NCCCN2CCN(C)CC2)nc(-c2ccccc2)n1,true,1,true,0,0.8268842187422767,0.0,2.5014200000000004,325.46,24.0,298.244,5.0,1.0,5.0,6.0,2.0,1.0,3.0,44.29,0.0,0.0,C19H27N5,635.4603363452044,5.0,0.0,0.3571428571428571,0.3076923076923077,0.3571428571428571,0.30508474576271183,0.33333333333333337,0.3571428571428571,0.3571428571428571,1.0,1.2135295867919922
9222,REINFORCE,EGFR,73,6,132.0233507156372,Cc1cc2c(c(C)c1Cl)C(=O)c1c-2nc2c(C(=O)O)c(C)cc(C)n12,true,1,true,0,0.5575273505696937,0.0,4.130980000000004,354.79300000000006,25.0,339.6730000000001,4.0,1.0,6.0,1.0,3.0,1.0,4.0,71.67,0.0,0.0,C19H15ClN2O3,1142.0023220953847,1.0,0.0,0.40384615384615385,0.40384615384615385,0.27142857142857146,0.3728813559322034,0.34782608695652173,0.40384615384615385,0.40384615384615385,1.0,1.2135295867919922
9223,REINFORCE,EGFR,73,7,132.0233507156372,CCON1C(=O)C(C(=O)C(C)C)C(=O)C=C1C,true,1,true,0,0.6888984826893179,0.0,1.0942999999999996,239.27099999999996,17.0,222.13499999999996,4.0,0.0,5.0,4.0,0.0,1.0,1.0,63.68,0.0,0.0,C12H17NO4,383.96686734914425,2.0,0.0,0.34615384615384615,0.34615384615384615,0.3285714285714286,0.3389830508474576,0.26086956521739135,0.34615384615384615,0.34615384615384615,1.0,1.2135295867919922
9224,REINFORCE,EGFR,73,8,132.0233507156372,CNC(=O)c1cc(NC(=O)c2cccc(C)c2)c(C)cc1N(C)C,true,1,true,0,0.9082966692527429,0.0,2.981340000000001,325.41200000000003,24.0,302.228,3.0,2.0,5.0,4.0,2.0,0.0,2.0,61.440000000000005,0.0,0.0,C19H23N3O2,782.176522376206,1.0,0.0,0.4782608695652174,0.32692307692307687,0.34285714285714286,0.38983050847457623,0.4782608695652174,0.4782608695652174,0.4782608695652174,1.0,1.2135295867919922
9225,REINFORCE,EGFR,73,9,132.0233507156372,COc1cc(OC)c(C(C)=NOC(=O)NC(=O)NC(C)C)cc1Br,true,1,true,0,0.4483168743254278,0.0,3.0345000000000013,402.24500000000006,24.0,382.08500000000004,6.0,2.0,9.0,5.0,1.0,0.0,1.0,98.25,0.0,0.0,C15H20BrN3O5,646.2418487929461,1.0,0.0,0.4067796610169492,0.3653846153846154,0.2857142857142857,0.4067796610169492,0.28985507246376807,0.4067796610169492,0.4067796610169492,1.0,1.2135295867919922
9226,REINFORCE,EGFR,73,10,132.0233507156372,Cc1coc(S(=O)(=O)NCC2CCN(Cc3ccc(C(N)=O)cc3)CC2)c1,true,1,true,0,0.7495750507211805,0.0,1.8774199999999996,391.49300000000017,27.0,366.2930000000002,5.0,2.0,8.0,7.0,2.0,1.0,3.0,105.64000000000001,0.0,0.0,C19H25N3O4S,881.9335140611166,4.0,0.0,0.4067796610169492,0.32692307692307687,0.37142857142857144,0.4067796610169492,0.3188405797101449,0.4067796610169492,0.4067796610169492,1.0,1.2135295867919922
9227,REINFORCE,EGFR,73,11,132.0233507156372,CN(C)C1=CC(=O)CC(C)(C)CC1=O,true,1,true,0,0.634203135151204,0.0,1.3901,195.26199999999994,14.0,178.12599999999995,3.0,0.0,3.0,1.0,0.0,1.0,1.0,37.38,0.0,0.0,C11H17NO2,300.40939234778244,1.0,0.0,0.3220338983050848,0.2692307692307693,0.2571428571428571,0.3220338983050848,0.2028985507246377,0.3220338983050848,0.3220338983050848,1.0,1.2135295867919922
9228,REINFORCE,EGFR,73,12,132.0233507156372,CCOC(=O)c1cnc(N2C(=O)CCC2=O)[nH]c1=O,true,1,true,0,0.5878958072489343,0.0,-0.4000000000000001,265.22499999999997,19.0,254.13699999999994,6.0,1.0,8.0,3.0,1.0,1.0,2.0,109.42999999999998,0.0,0.0,C11H11N3O5,590.5933751499368,1.0,0.0,0.35593220338983056,0.23076923076923073,0.30000000000000004,0.35593220338983056,0.30434782608695654,0.35593220338983056,0.35593220338983056,1.0,1.2135295867919922
9229,REINFORCE,EGFR,73,13,132.0233507156372,O=C(NCc1ccc(OC(F)(F)F)cc1)C1CCCN1C(=O)Cc1cccc(Cl)c1,true,1,true,0,0.7357599771995553,0.0,4.088500000000003,440.84900000000016,30.0,420.68900000000014,3.0,1.0,9.0,6.0,2.0,1.0,3.0,58.64,0.0,0.0,C21H20ClF3N2O3,903.114755229268,2.0,3.0,0.3571428571428571,0.3076923076923077,0.3571428571428571,0.3389830508474576,0.28985507246376807,0.3571428571428571,0.3571428571428571,1.0,1.2135295867919922
9230,REINFORCE,EGFR,73,14,132.0233507156372,CC(NC(=O)C1CC(=O)N1C(C)C)C(N)=O,true,1,true,0,0.6023313798965844,0.0,-1.0142999999999989,227.26399999999995,16.0,210.12799999999996,3.0,2.0,6.0,4.0,0.0,1.0,1.0,92.5,0.0,0.0,C10H17N3O3,327.27094404679946,2.0,0.0,0.3389830508474576,0.25,0.3142857142857143,0.3389830508474576,0.23188405797101452,0.3389830508474576,0.3389830508474576,1.0,1.2135295867919922
9231,REINFORCE,EGFR,73,15,132.0233507156372,COCCN1CCOC(CCNC(=O)Nc2ccc(F)c(Cl)c2)C1,true,1,true,0,0.784062928228444,0.0,2.3379000000000003,359.82900000000006,24.0,336.6450000000001,4.0,2.0,8.0,7.0,1.0,1.0,2.0,62.830000000000005,0.0,0.0,C16H23ClFN3O3,547.2989624378105,3.0,1.0,0.37142857142857144,0.28846153846153844,0.37142857142857144,0.30508474576271183,0.28985507246376807,0.37142857142857144,0.37142857142857144,1.0,1.2135295867919922
9232,REINFORCE,EGFR,73,16,132.0233507156372,O=C(Nc1cc(F)c(F)c(OC(F)(F)F)c1)NC1CC2CC2CN(C(=O)C2CC=CCC2)C1,true,1,true,0,0.49703567907913265,0.0,4.578200000000003,473.44200000000035,33.0,449.2500000000003,3.0,2.0,11.0,4.0,1.0,3.0,4.0,70.67,0.0,0.0,C22H24F5N3O3,951.9394751871218,2.0,5.0,0.38983050847457623,0.34615384615384615,0.30000000000000004,0.38983050847457623,0.30434782608695654,0.38983050847457623,0.38983050847457623,1.0,1.2135295867919922
9233,REINFORCE,EGFR,73,17,132.0233507156372,C1(c2ccc(C(=O)N3CCN(CC)CC3)cc2)C12CNC2,false,0,true,0,0.0,0.0,0.0,0.0,0.0,0.0,0.0,0.0,0.0,0.0,0.0,0.0,0.0,0.0,0.0,0.0,0.0,0.0,0.0,0.0,0.0,0.0,0.0,0.0,0.0,1e-06,1e-06,1.0,1.2135295867919922
9234,REINFORCE,EGFR,73,18,132.0233507156372,COc1ccc(-c2cc(C=C3SC(c4ccc(OC)c(OC)c4)=NC3=O)cc(C)c2OC)cc1O,true,1,true,0,0.4391097591645884,0.0,5.463120000000006,491.5650000000003,35.0,466.36500000000035,7.0,1.0,8.0,7.0,3.0,1.0,4.0,86.58,0.0,0.0,C27H25NO6S,1362.0177286336298,1.0,0.0,0.35593220338983056,0.32692307692307687,0.3142857142857143,0.35593220338983056,0.33333333333333337,0.35593220338983056,0.35593220338983056,1.0,1.2135295867919922
9235,REINFORCE,EGFR,73,19,132.0233507156372,CC1=C(C(=O)N2CC(C)CC(C)C2)N2C(=O)CCC2SC1,true,1,true,0,0.7469601262632253,0.0,2.4602000000000004,308.447,21.0,284.255,3.0,0.0,5.0,1.0,0.0,3.0,3.0,40.620000000000005,0.0,0.0,C16H24N2O2S,492.50544454802457,1.0,0.0,0.44067796610169496,0.3653846153846154,0.3571428571428571,0.44067796610169496,0.3188405797101449,0.44067796610169496,0.44067796610169496,1.0,1.2135295867919922
9236,REINFORCE,EGFR,73,20,132.0233507156372,Cc1cc(C)n(CCC(=O)N2CCOCC2CO)n1,true,1,true,0,0.840525393656231,0.0,0.10974,267.32899999999995,19.0,246.16099999999994,5.0,1.0,6.0,4.0,1.0,1.0,2.0,67.59,0.0,0.0,C13H21N3O3,444.34188334342196,3.0,0.0,0.423728813559322,0.34615384615384615,0.2857142857142857,0.423728813559322,0.2753623188405797,0.423728813559322,0.423728813559322,1.0,1.2135295867919922
9237,REINFORCE,EGFR,73,21,132.0233507156372,CS(=O)(=O)NC1CCN(C(=O)c2ccc(N3Cc4ccccc4C3)cc2)C1,true,1,true,0,0.8736945348114542,0.0,1.9704999999999997,385.48900000000015,27.0,362.3050000000002,4.0,1.0,7.0,4.0,2.0,2.0,4.0,69.72,0.0,0.0,C20H23N3O3S,931.6921592457104,2.0,0.0,0.37681159420289856,0.23076923076923073,0.37142857142857144,0.27118644067796616,0.37681159420289856,0.37681159420289856,0.37681159420289856,1.0,1.2135295867919922
9238,REINFORCE,EGFR,73,22,132.0233507156372,Cc1cc(C)nc(NCc2ccsc2C(=O)N2CCC(c3ccc(S(N)(=O)=O)cc3)CC2)n1,true,1,true,0,0.5521901500372506,0.0,3.4342400000000017,485.63500000000033,33.0,458.41900000000027,7.0,2.0,10.0,6.0,3.0,1.0,4.0,118.27999999999999,0.0,0.0,C23H27N5O3S2,1227.1061971156619,3.0,0.0,0.4067796610169492,0.3846153846153846,0.34285714285714286,0.4067796610169492,0.34782608695652173,0.4067796610169492,0.4067796610169492,1.0,1.2135295867919922
9239,REINFORCE,EGFR,73,23,132.0233507156372,O=C(C1CC1)N1CCC(c2nccn2CCCN2CCCC2)CC1,true,1,true,0,0.8045564640927712,0.0,2.485000000000001,330.4760000000002,24.0,300.23600000000005,4.0,0.0,5.0,6.0,1.0,3.0,4.0,41.370000000000005,0.0,0.0,C19H30N4O,551.4679485545803,4.0,0.0,0.3571428571428571,0.28846153846153844,0.3571428571428571,0.3389830508474576,0.2753623188405797,0.3571428571428571,0.3571428571428571,1.0,1.2135295867919922
9240,REINFORCE,EGFR,73,24,132.0233507156372,Cc1ccccc1C(=O)NCc1cc(N2CCCCC2)nc(N)n1,true,1,true,0,0.9008020710919927,0.0,2.2875199999999998,325.416,24.0,302.23199999999997,5.0,2.0,6.0,4.0,2.0,1.0,3.0,84.14,0.0,0.0,C18H23N5O,725.0991012966654,2.0,0.0,0.38983050847457623,0.32692307692307687,0.30000000000000004,0.38983050847457623,0.2753623188405797,0.38983050847457623,0.38983050847457623,1.0,1.2135295867919922
9241,REINFORCE,EGFR,73,25,132.0233507156372,O=C(c1ccccc1-c1ccncc1)N1CCN(Cc2ccccc2)CC1,true,1,true,0,0.7142127722629892,0.0,3.7066000000000026,357.4570000000001,27.0,334.27300000000014,3.0,0.0,4.0,4.0,3.0,1.0,4.0,36.440000000000005,0.0,0.0,C23H23N3O,887.7666190686666,2.0,0.0,0.4057971014492754,0.34615384615384615,0.3285714285714286,0.30508474576271183,0.4057971014492754,0.4057971014492754,0.4057971014492754,1.0,1.2135295867919922
9242,REINFORCE,EGFR,73,26,132.0233507156372,CCC(=O)c1c(-c2ccc(OC)c(C)c2)oc(C(=O)NC(C)C)c1C,true,1,true,0,0.7939537677921297,0.0,4.302940000000003,343.42300000000006,25.0,318.22300000000007,4.0,1.0,5.0,6.0,2.0,0.0,2.0,68.53999999999999,0.0,0.0,C20H25NO4,802.2677548747465,2.0,0.0,0.46153846153846156,0.46153846153846156,0.41428571428571426,0.4576271186440678,0.4347826086956522,0.46153846153846156,0.46153846153846156,1.0,1.2135295867919922
9243,REINFORCE,EGFR,73,27,132.0233507156372,CC(=O)NC1C(COC(C)C)OC(OC2C(N)CC(N)C(OC3OC3C(O)CO)C2O)C(O)C1O,true,1,true,0,0.13021263437886915,0.0,-4.3694999999999915,509.55300000000017,35.0,470.2410000000003,13.0,8.0,14.0,10.0,0.0,3.0,3.0,231.73999999999995,0.0,0.0,C21H39N3O11,703.427066022327,3.0,0.0,0.41428571428571426,0.11538461538461542,0.41428571428571426,0.3220338983050848,0.30434782608695654,0.41428571428571426,0.41428571428571426,1.0,1.2135295867919922
9244,REINFORCE,EGFR,73,28,132.0233507156372,CC(C)CCN1C(CNC(=O)c2ccc(-c3cccc(S(C)(=O)=O)c3)cc2N)COC(=O)C1(C)C,true,1,true,0,0.4213170048469928,0.0,3.1212000000000018,501.64900000000034,35.0,466.36900000000026,7.0,2.0,9.0,8.0,2.0,1.0,3.0,118.80000000000001,0.0,0.0,C26H35N3O5S,1207.2180193195827,3.0,0.0,0.4,0.1923076923076923,0.4,0.22033898305084743,0.3188405797101449,0.4,0.4,1.0,1.2135295867919922
9245,REINFORCE,EGFR,73,29,132.0233507156372,Cc1[nH]c(C(=O)NCc2cc(Cl)ccc2N2CCCC(C)C2)cc1Cl,true,1,true,0,0.8008737217136659,0.0,4.796220000000004,380.3190000000002,25.0,357.1350000000001,2.0,2.0,6.0,4.0,2.0,1.0,3.0,48.13,0.0,0.0,C19H23Cl2N3O,752.5248523770588,2.0,0.0,0.4915254237288136,0.3653846153846154,0.3142857142857143,0.4915254237288136,0.2753623188405797,0.4915254237288136,0.4915254237288136,1.0,1.2135295867919922
9246,REINFORCE,EGFR,73,30,132.0233507156372,CCC(CC(=O)NC1CCCCNC1=O)N1CCOCC1,true,1,true,0,0.764156295911334,0.0,0.27220000000000133,297.39900000000006,21.0,270.183,4.0,2.0,6.0,5.0,0.0,2.0,2.0,70.67,0.0,0.0,C15H27N3O3,356.0730051449224,4.0,0.0,0.3728813559322034,0.3076923076923077,0.2857142857142857,0.3728813559322034,0.28985507246376807,0.3728813559322034,0.3728813559322034,1.0,1.2135295867919922
9247,REINFORCE,EGFR,73,31,132.0233507156372,CCCN1CC(C)(c2cc(C)cc(NC(=O)c3ncc(C)o3)c2)CCC1=O,true,1,true,0,0.8688995785353008,0.0,3.833840000000003,369.4650000000002,27.0,342.24900000000014,4.0,1.0,6.0,5.0,2.0,1.0,3.0,75.44,0.0,0.0,C21H27N3O3,858.1067681743045,2.0,0.0,0.3857142857142857,0.3076923076923077,0.3857142857142857,0.3728813559322034,0.3623188405797102,0.3857142857142857,0.3857142857142857,1.0,1.2135295867919922
9248,REINFORCE,EGFR,73,32,132.0233507156372,CSc1ccc(C(=O)N2CCN(C)CC2)c(NCC2CCN(C(C)=O)CC2)c1,true,1,true,0,0.7643517779056002,0.0,2.466500000000001,404.5800000000002,28.0,372.3240000000002,5.0,1.0,7.0,5.0,1.0,2.0,3.0,55.89000000000001,0.0,0.0,C21H32N4O2S,695.6460398403742,3.0,0.0,0.5254237288135593,0.32692307692307687,0.37142857142857144,0.5254237288135593,0.28985507246376807,0.5254237288135593,0.5254237288135593,1.0,1.2135295867919922
9249,REINFORCE,EGFR,73,33,132.0233507156372,COc1cc(OC)c(C(CC)NC(=O)c2nn(-c3ccccc3C)c(=O)c3c2cccc3Cl)cc(OC)c1OC,false,0,true,0,0.0,0.0,0.0,0.0,0.0,0.0,0.0,0.0,0.0,0.0,0.0,0.0,0.0,0.0,0.0,0.0,0.0,0.0,0.0,0.0,0.0,0.0,0.0,0.0,0.0,1e-06,1e-06,1.0,1.2135295867919922
9250,REINFORCE,EGFR,73,34,132.0233507156372,Cc1cc(OCC(C(=O)NC(C)(C)C)C(F)(F)F)ccc1Cl,true,1,true,0,0.8971379912366616,0.0,4.120420000000003,337.769,22.0,318.61699999999996,2.0,1.0,7.0,4.0,1.0,0.0,1.0,38.33,0.0,0.0,C15H19ClF3NO2,538.5695891030782,5.0,3.0,0.3389830508474576,0.28846153846153844,0.3142857142857143,0.3389830508474576,0.33333333333333337,0.3389830508474576,0.3389830508474576,1.0,1.2135295867919922
9251,REINFORCE,EGFR,73,35,132.0233507156372,Cc1c2c(cn1CC(=O)Nc1ccc(C(F)(F)F)cc1C(F)(F)F)CCC(=O)N2,true,1,true,0,0.7267730117717486,0.0,4.357520000000002,419.3250000000001,29.0,404.20500000000004,3.0,2.0,11.0,3.0,2.0,1.0,3.0,63.13,0.0,0.0,C18H15F6N3O2,975.1967844597747,2.0,6.0,0.35593220338983056,0.32692307692307687,0.3142857142857143,0.35593220338983056,0.26086956521739135,0.35593220338983056,0.35593220338983056,1.0,1.2135295867919922
9252,REINFORCE,EGFR,73,36,132.0233507156372,CN(Cc1ccc(C(F)(F)F)cc1)C(=O)CNS(=O)(=O)N(C)C,true,1,true,0,0.8314453622673984,0.0,1.0597999999999999,353.36600000000004,23.0,335.22200000000004,3.0,1.0,10.0,6.0,1.0,0.0,1.0,69.72,0.0,0.0,C13H18F3N3O3S,642.6688572757936,4.0,3.0,0.35593220338983056,0.34615384615384615,0.2857142857142857,0.35593220338983056,0.28985507246376807,0.35593220338983056,0.35593220338983056,1.0,1.2135295867919922
9253,REINFORCE,EGFR,73,37,132.0233507156372,CC1OC(C)(C)CC1NC(=O)Nc1ccc(F)c(F)c1,true,1,true,0,0.8766692189703802,0.0,3.042300000000001,284.306,20.0,266.162,2.0,2.0,6.0,2.0,1.0,1.0,2.0,50.36,0.0,0.0,C14H18F2N2O2,519.8954093358504,1.0,2.0,0.3389830508474576,0.23076923076923073,0.2857142857142857,0.3389830508474576,0.26086956521739135,0.3389830508474576,0.3389830508474576,1.0,1.2135295867919922
9254,REINFORCE,EGFR,73,38,132.0233507156372,COc1c2c(cc3c1C(NC(C)=O)C(=O)CCC3)CC(C)(C)OC2,true,1,true,0,0.8462810234086449,0.0,2.629100000000001,331.4120000000001,24.0,306.21200000000005,4.0,1.0,5.0,2.0,1.0,2.0,3.0,64.63,0.0,0.0,C19H25NO4,693.097470158668,1.0,0.0,0.46153846153846156,0.46153846153846156,0.37142857142857144,0.3728813559322034,0.3188405797101449,0.46153846153846156,0.46153846153846156,1.0,1.2135295867919922
9255,REINFORCE,EGFR,73,39,132.0233507156372,CC(=O)N(C)c1cc(NS(=O)(=O)c2cc(Cl)c(NC3CC3)cc2C)ncc1C,true,1,true,0,0.739919577880699,0.0,3.709640000000003,422.9380000000002,28.0,399.7540000000002,5.0,2.0,9.0,6.0,2.0,1.0,3.0,91.4,0.0,0.0,C19H23ClN4O3S,1035.7145255958558,3.0,0.0,0.3623188405797102,0.23076923076923073,0.3571428571428571,0.3389830508474576,0.3623188405797102,0.3623188405797102,0.3623188405797102,1.0,1.2135295867919922
9256,REINFORCE,EGFR,73,40,132.0233507156372,CC(C)Oc1cc(N)cc(F)c1C(=O)NC1CCC(N2CCCCC2)CC1,true,1,true,0,0.7676307588004446,0.0,3.722000000000003,377.50400000000025,27.0,345.2480000000001,4.0,2.0,6.0,5.0,1.0,2.0,3.0,67.58999999999999,0.0,0.0,C21H32FN3O2,651.0719593306674,2.0,1.0,0.42307692307692313,0.42307692307692313,0.3571428571428571,0.38983050847457623,0.33333333333333337,0.42307692307692313,0.42307692307692313,1.0,1.2135295867919922
9257,REINFORCE,EGFR,73,41,132.0233507156372,Cc1cc(COc2ccc(CN(C)C)cc2)c(C)s1,true,1,true,0,0.8173496977803266,0.0,4.005540000000003,275.417,19.0,254.24899999999997,3.0,0.0,3.0,5.0,2.0,0.0,2.0,12.47,0.0,0.0,C16H21NOS,528.1820035316177,3.0,0.0,0.4067796610169492,0.3653846153846154,0.34285714285714286,0.4067796610169492,0.3913043478260869,0.4067796610169492,0.4067796610169492,1.0,1.2135295867919922
9258,REINFORCE,EGFR,73,42,132.0233507156372,CC(=O)NNS(=O)(=O)c1cccc(C(=O)NCCCc2ccccc2)c1,true,1,true,0,0.4788060649524884,0.0,1.3785999999999996,375.45000000000016,26.0,354.28200000000015,4.0,3.0,8.0,8.0,2.0,0.0,2.0,104.37,0.0,0.0,C18H21N3O4S,867.0147610358106,4.0,0.0,0.3728813559322034,0.2692307692307693,0.3571428571428571,0.3728813559322034,0.33333333333333337,0.3728813559322034,0.3728813559322034,1.0,1.2135295867919922
9259,REINFORCE,EGFR,73,43,132.0233507156372,CC(C)c1cccc(NN=C2C(=O)Nc3ccc(Cl)cc32)c1,true,1,true,0,0.8330518194702903,0.0,4.231700000000003,313.788,22.0,297.66,3.0,2.0,5.0,3.0,2.0,1.0,3.0,53.49,0.0,0.0,C17H16ClN3O,768.249409205002,2.0,0.0,0.3728813559322034,0.28846153846153844,0.34285714285714286,0.3728813559322034,0.34782608695652173,0.3728813559322034,0.3728813559322034,1.0,1.2135295867919922
9260,REINFORCE,EGFR,73,44,132.0233507156372,CCOC(=O)N1CN(CCC(=O)N2CC(C)NC2=O)C(=O)C(C)(C)C1,true,1,true,0,0.7969845757100711,0.0,0.6012000000000004,354.40700000000015,25.0,328.1990000000001,5.0,1.0,9.0,4.0,0.0,2.0,2.0,99.25999999999999,0.0,0.0,C16H26N4O5,576.8723832474037,3.0,0.0,0.423728813559322,0.28846153846153844,0.41428571428571426,0.423728813559322,0.3188405797101449,0.423728813559322,0.423728813559322,1.0,1.2135295867919922
9261,REINFORCE,EGFR,73,45,132.0233507156372,COc1c(Cl)cc(Cl)c(C(=O)N2CCN(c3ccccc3F)CC2)c1OC,true,1,true,0,0.7568631226083803,0.0,4.1121000000000025,413.2760000000002,27.0,394.1240000000002,4.0,0.0,8.0,4.0,2.0,1.0,3.0,42.010000000000005,0.0,0.0,C19H19Cl2FN2O3,855.0886741817202,1.0,1.0,0.37681159420289856,0.34615384615384615,0.30000000000000004,0.3728813559322034,0.37681159420289856,0.37681159420289856,0.37681159420289856,1.0,1.2135295867919922
9262,REINFORCE,EGFR,73,46,132.0233507156372,COc1ccc(NC(=O)CCS(=O)(=O)N2CCSCC2)cc1,true,1,true,0,0.8441957378508794,0.0,1.4023999999999999,344.4580000000001,22.0,324.29800000000006,5.0,1.0,8.0,6.0,1.0,1.0,2.0,75.71,0.0,0.0,C14H20N2O4S2,595.7737815771218,4.0,0.0,0.38983050847457623,0.3846153846153846,0.27142857142857146,0.38983050847457623,0.26086956521739135,0.38983050847457623,0.38983050847457623,1.0,1.2135295867919922
9263,REINFORCE,EGFR,73,47,132.0233507156372,CC1CCN(c2cc(NC3CCN(c4ncccn4)CC3)ncc2C(F)(F)F)CC1,true,1,true,0,0.7998996092687365,0.0,4.207600000000004,420.4830000000002,30.0,393.2670000000001,6.0,1.0,9.0,4.0,2.0,2.0,4.0,57.18,0.0,0.0,C21H27F3N6,828.3804988664729,2.0,3.0,0.4,0.3076923076923077,0.4,0.27118644067796616,0.3913043478260869,0.4,0.4,1.0,1.2135295867919922
9264,REINFORCE,EGFR,73,48,132.0233507156372,NC(=O)C1CCN(Cc2csc(N3CCOCC3)n2)CC1,true,1,true,0,0.8851676453973758,0.0,0.6769999999999996,310.4230000000001,21.0,288.247,6.0,1.0,7.0,4.0,1.0,2.0,3.0,71.69000000000001,0.0,0.0,C14H22N4O2S,479.07348695132407,2.0,0.0,0.37142857142857144,0.25,0.37142857142857144,0.30508474576271183,0.33333333333333337,0.37142857142857144,0.37142857142857144,1.0,1.2135295867919922
9265,REINFORCE,EGFR,73,49,132.0233507156372,N=C(N)c1ccc(NC(=S)NC(=O)c2cccs2)cc1,true,1,true,0,0.3971784312076768,0.0,2.15897,304.4,20.0,292.30400000000003,4.0,4.0,7.0,3.0,2.0,0.0,2.0,91.0,0.0,0.0,C13H12N4OS2,634.900584316623,3.0,0.0,0.3389830508474576,0.28846153846153844,0.30000000000000004,0.3389830508474576,0.3188405797101449,0.3389830508474576,0.3389830508474576,1.0,1.2135295867919922
9266,REINFORCE,EGFR,73,50,132.0233507156372,CC(N)C(=O)OCCNc1ccc(C=C2C(=O)NC(=S)NC2=O)cc1,true,1,true,0,0.1832478597980182,0.0,-0.09679999999999928,362.41100000000006,25.0,344.26700000000005,7.0,4.0,9.0,6.0,1.0,1.0,2.0,122.55000000000001,0.0,0.0,C16H18N4O4S,706.1551926147694,4.0,0.0,0.423728813559322,0.28846153846153844,0.3571428571428571,0.423728813559322,0.30434782608695654,0.423728813559322,0.423728813559322,1.0,1.2135295867919922
9267,REINFORCE,EGFR,73,51,132.0233507156372,COc1cc(Cc2c[nH]c(=S)n(Cc3cc(C)c(OC)c(C)c3)c2=O)cc(OC)c1OC,true,1,true,0,0.5124048192204441,0.0,4.1962300000000035,456.5640000000003,32.0,428.34000000000026,7.0,1.0,8.0,8.0,3.0,0.0,3.0,74.71000000000001,0.0,0.0,C24H28N2O5S,1197.8576991394998,2.0,0.0,0.3913043478260869,0.32692307692307687,0.3285714285714286,0.30508474576271183,0.3913043478260869,0.3913043478260869,0.3913043478260869,1.0,1.2135295867919922
9268,REINFORCE,EGFR,73,52,132.0233507156372,COc1ccc(CC(=O)Nc2cc(N3CCOCC3)on2)cc1OC,true,1,true,0,0.8511076304760287,0.0,1.7095999999999998,347.3710000000001,25.0,326.20300000000003,7.0,1.0,8.0,6.0,2.0,1.0,3.0,86.06,0.0,0.0,C17H21N3O5,724.8234403316854,2.0,0.0,0.4067796610169492,0.32692307692307687,0.2857142857142857,0.4067796610169492,0.30434782608695654,0.4067796610169492,0.4067796610169492,1.0,1.2135295867919922
9269,REINFORCE,EGFR,73,53,132.0233507156372,Cc1ccc(NC(=O)Cc2ccc3c(c2)OCO3)c(N)c1,true,1,true,0,0.8492200253774153,0.0,2.48712,284.315,21.0,268.18699999999995,4.0,2.0,5.0,3.0,2.0,1.0,3.0,73.58,0.0,0.0,C16H16N2O3,697.9165987812479,2.0,0.0,0.4067796610169492,0.34615384615384615,0.2857142857142857,0.4067796610169492,0.3188405797101449,0.4067796610169492,0.4067796610169492,1.0,1.2135295867919922
9270,REINFORCE,EGFR,73,54,132.0233507156372,N#Cc1ccccc1OCC(=O)NCC(=O)N1CCC(Cc2ccccc2)CC1,true,1,true,0,0.7863038386073913,0.0,2.534580000000001,391.4710000000002,29.0,366.2710000000002,4.0,1.0,6.0,7.0,2.0,1.0,3.0,82.42999999999999,0.0,0.0,C23H25N3O3,868.4368397530019,3.0,0.0,0.3142857142857143,0.2692307692307693,0.3142857142857143,0.30508474576271183,0.28985507246376807,0.3142857142857143,0.3142857142857143,1.0,1.2135295867919922
9271,REINFORCE,EGFR,73,55,132.0233507156372,CN(C)c1sc2ccccc2c1C(=O)NCC#N,true,1,true,0,0.8598444143993265,0.0,2.2206799999999998,259.33399999999995,18.0,246.22999999999996,4.0,1.0,5.0,3.0,2.0,0.0,2.0,56.13,0.0,0.0,C13H13N3OS,624.6883317798698,2.0,0.0,0.3653846153846154,0.3653846153846154,0.27142857142857146,0.3389830508474576,0.2753623188405797,0.3653846153846154,0.3653846153846154,1.0,1.2135295867919922
9272,REINFORCE,EGFR,73,56,132.0233507156372,CCn1c(C)c(C(C)=O)c(C(=O)N2CCN(C)CC2)c1N,true,1,true,0,0.8433511457995376,0.0,0.9888200000000003,292.38300000000004,21.0,268.1909999999999,5.0,1.0,6.0,3.0,1.0,1.0,2.0,71.57000000000001,0.0,0.0,C15H24N4O2,568.7190150966246,1.0,0.0,0.44067796610169496,0.3846153846153846,0.2857142857142857,0.44067796610169496,0.2753623188405797,0.44067796610169496,0.44067796610169496,1.0,1.2135295867919922
9273,REINFORCE,EGFR,73,57,132.0233507156372,CC1CCCN(c2ccc(C(=O)N3CCN(C)CC3)cn2)C1,true,1,true,0,0.8335969919123286,0.0,1.7055,302.422,22.0,276.214,4.0,0.0,5.0,2.0,1.0,2.0,3.0,39.68000000000001,0.0,0.0,C17H26N4O,507.8951522357579,1.0,0.0,0.41428571428571426,0.34615384615384615,0.41428571428571426,0.38983050847457623,0.28985507246376807,0.41428571428571426,0.41428571428571426,1.0,1.2135295867919922
9274,REINFORCE,EGFR,73,58,132.0233507156372,Cc1cc(C(=O)c2ccc(N(C)C)cc2)n[nH]1,true,1,true,0,0.8190044519158222,0.0,2.01512,229.28300000000002,17.0,214.16299999999995,3.0,1.0,4.0,3.0,2.0,0.0,2.0,48.99,0.0,0.0,C13H15N3O,525.8525327416112,2.0,0.0,0.423728813559322,0.34615384615384615,0.2857142857142857,0.423728813559322,0.3188405797101449,0.423728813559322,0.423728813559322,1.0,1.2135295867919922
9275,REINFORCE,EGFR,73,59,132.0233507156372,Cc1ccc(CN2C(=O)CSCC3CC(=O)N(C)C32)cc1,true,1,true,0,0.8374015157621648,0.0,1.8748200000000002,304.415,21.0,284.255,3.0,0.0,5.0,2.0,1.0,2.0,3.0,40.620000000000005,0.0,0.0,C16H20N2O2S,557.9003333222288,2.0,0.0,0.4915254237288136,0.32692307692307687,0.27142857142857146,0.4915254237288136,0.26086956521739135,0.4915254237288136,0.4915254237288136,1.0,1.2135295867919922
9276,REINFORCE,EGFR,73,60,132.0233507156372,Cc1cc(-c2ccc(CN3CCOCC3)o2)sc1S(=O)(=O)N1CCNCC1,true,1,true,0,0.8079293528951537,0.0,1.7426199999999996,411.54900000000015,27.0,386.3490000000001,7.0,1.0,9.0,5.0,2.0,2.0,4.0,75.02,0.0,0.0,C18H25N3O4S2,878.3089447821742,2.0,0.0,0.5384615384615384,0.5384615384615384,0.37142857142857144,0.38983050847457623,0.3913043478260869,0.5384615384615384,0.5384615384615384,1.0,1.2135295867919922
9277,REINFORCE,EGFR,73,61,132.0233507156372,COc1cc(C2N=C(NS(=O)(=O)N3CCCC3)C2C=CCC(C)C)cc(OC)c1OC,true,1,true,0,0.5820060434617191,0.0,3.314300000000002,451.5890000000002,31.0,418.3250000000003,6.0,1.0,9.0,9.0,1.0,2.0,3.0,89.46,0.0,0.0,C22H33N3O5S,911.4599176449473,3.0,0.0,0.38983050847457623,0.32692307692307687,0.2857142857142857,0.38983050847457623,0.30434782608695654,0.38983050847457623,0.38983050847457623,1.0,1.2135295867919922
9278,REINFORCE,EGFR,73,62,132.0233507156372,COC(=O)C(Cc1ccc(Cl)cc1Cl)NC(=O)CN(C)C(=O)C(O)c1ccc([N+](=O)[O-])cc1,true,1,true,0,0.3073175851038964,0.0,2.2939,498.3190000000003,33.0,477.15100000000035,7.0,2.0,12.0,9.0,2.0,0.0,2.0,139.08,0.0,0.0,C21H21Cl2N3O7,1046.6538411440702,4.0,0.0,0.41428571428571426,0.05769230769230771,0.41428571428571426,0.288135593220339,0.30434782608695654,0.41428571428571426,0.41428571428571426,1.0,1.2135295867919922
9279,REINFORCE,EGFR,73,63,132.0233507156372,CC1C(=O)N(CCN(O)C(=O)N2CCC(C(=O)N3CCCC3)CC2)CCN1CCc1ccccc1,true,1,true,0,0.4709661661938256,0.0,1.907400000000001,485.6290000000005,35.0,446.31700000000035,5.0,1.0,9.0,7.0,1.0,3.0,4.0,87.63999999999999,0.0,0.0,C26H39N5O4,867.7529357766724,3.0,0.0,0.4,0.15384615384615385,0.4,0.35593220338983056,0.2753623188405797,0.4,0.4,1.0,1.2135295867919922
9280,REINFORCE,EGFR,73,64,132.0233507156372,CC(=O)N1CCCC(c2cc(Nc3cc(C(=O)NO)ccc3C3CCCCC3)nc(NC(C)C(C)O)n2)C1,true,1,true,0,0.25447073020315253,0.0,4.294000000000004,524.6660000000003,38.0,484.34600000000034,8.0,5.0,10.0,8.0,2.0,2.0,4.0,139.71,0.0,0.0,C28H40N6O4,1134.3220837484384,3.0,0.0,0.5285714285714286,0.1923076923076923,0.5285714285714286,0.3220338983050848,0.3913043478260869,0.5285714285714286,0.5285714285714286,1.0,1.2135295867919922
9281,REINFORCE,EGFR,73,65,132.0233507156372,CCOC(=O)c1oc2cc(O)c(O)cc2c1NC(=O)c1ccc(C)cc1,true,1,true,0,0.48742565355883843,0.0,3.5814200000000023,355.3460000000001,26.0,338.2100000000001,6.0,3.0,7.0,4.0,3.0,0.0,3.0,109.0,0.0,0.0,C19H17NO6,987.4271470518831,1.0,0.0,0.4423076923076923,0.4423076923076923,0.34285714285714286,0.423728813559322,0.37681159420289856,0.4423076923076923,0.4423076923076923,1.0,1.2135295867919922
9282,REINFORCE,EGFR,73,66,132.0233507156372,O=C(O)C1CC1c1cccc(-c2cnn(C(=O)NS(=O)(=O)c3ccccc3)c2)c1,true,1,true,0,0.66636034168787,0.0,2.684800000000001,411.43900000000014,29.0,394.3030000000002,6.0,2.0,9.0,5.0,3.0,1.0,4.0,118.35999999999999,0.0,0.0,C20H17N3O5S,1187.590445206069,2.0,0.0,0.3857142857142857,0.17307692307692313,0.3857142857142857,0.3389830508474576,0.33333333333333337,0.3857142857142857,0.3857142857142857,1.0,1.2135295867919922
9283,REINFORCE,EGFR,73,67,132.0233507156372,CCC(C)C(=O)Oc1cc(C)cc(C)c1[N+](=O)[O-],true,1,true,0,0.3564827321024592,0.0,3.163140000000002,251.28199999999995,18.0,234.14599999999996,4.0,0.0,5.0,4.0,1.0,0.0,1.0,69.44,0.0,0.0,C13H17NO4,482.1247426005307,2.0,0.0,0.3220338983050848,0.2692307692307693,0.2857142857142857,0.3220338983050848,0.26086956521739135,0.3220338983050848,0.3220338983050848,1.0,1.2135295867919922
9284,REINFORCE,EGFR,73,68,132.0233507156372,CCN(CC)C(=O)c1nn(C)cc1-c1ccn(CC)n1,true,1,true,0,0.835567988013174,0.0,1.7854999999999996,275.356,20.0,254.18799999999996,5.0,0.0,6.0,5.0,2.0,0.0,2.0,55.95,0.0,0.0,C14H21N5O,594.4811676475821,2.0,0.0,0.28985507246376807,0.25,0.2571428571428571,0.288135593220339,0.28985507246376807,0.28985507246376807,0.28985507246376807,1.0,1.2135295867919922
9285,REINFORCE,EGFR,73,69,132.0233507156372,COc1ccc(-c2cc(C3CCC(C)(C)C(O)C3)c(C)oc2=O)cc1OC,true,1,true,0,0.8671095678031313,0.0,4.287020000000003,372.4610000000001,27.0,344.2370000000001,5.0,1.0,5.0,4.0,2.0,1.0,3.0,68.9,0.0,0.0,C22H28O5,880.7572548554065,1.0,0.0,0.4285714285714286,0.34615384615384615,0.4285714285714286,0.4067796610169492,0.4057971014492754,0.4285714285714286,0.4285714285714286,1.0,1.2135295867919922
9286,REINFORCE,EGFR,73,70,132.0233507156372,Cc1ccc2oc(-c3ncc(NC(C)C)c(NS(=O)(=O)C(C)C)n3)cc2c1,true,1,true,0,0.6577316104840245,0.0,4.168620000000002,388.49300000000017,27.0,364.30100000000016,6.0,2.0,8.0,6.0,3.0,0.0,3.0,97.11999999999999,0.0,0.0,C19H24N4O3S,1071.7483323963472,3.0,0.0,0.4576271186440678,0.42307692307692313,0.37142857142857144,0.4576271186440678,0.37681159420289856,0.4576271186440678,0.4576271186440678,1.0,1.2135295867919922
9287,REINFORCE,EGFR,73,71,132.0233507156372,Cn1cc(-c2cccc(C3=NCCCN3)c2)cn1,true,1,true,0,0.8697943332790136,0.0,1.827,240.30999999999997,18.0,224.18199999999996,4.0,1.0,4.0,2.0,2.0,1.0,3.0,42.21,0.0,0.0,C14H16N4,582.9848569747638,1.0,0.0,0.423728813559322,0.34615384615384615,0.30000000000000004,0.423728813559322,0.30434782608695654,0.423728813559322,0.423728813559322,1.0,1.2135295867919922
9288,REINFORCE,EGFR,73,72,132.0233507156372,COc1ccc(C(=O)Cn2c(C)c(C)c(=O)n(C)c2=O)cc1,true,1,true,0,0.7917487088683125,0.0,1.05534,302.33,22.0,284.186,6.0,0.0,6.0,4.0,2.0,0.0,2.0,70.3,0.0,0.0,C16H18N2O4,828.9499154555077,3.0,0.0,0.4576271186440678,0.40384615384615385,0.30000000000000004,0.4576271186440678,0.33333333333333337,0.4576271186440678,0.4576271186440678,1.0,1.2135295867919922
9289,REINFORCE,EGFR,73,73,132.0233507156372,CCc1c(C)oc(=O)c(N2CCCC2=O)c1C,true,1,true,0,0.7868080336935783,0.0,1.94584,235.2829999999999,17.0,218.14699999999993,3.0,0.0,4.0,2.0,1.0,1.0,2.0,50.52,0.0,0.0,C13H17NO3,516.1312393815973,1.0,0.0,0.3220338983050848,0.3076923076923077,0.2571428571428571,0.3220338983050848,0.2753623188405797,0.3220338983050848,0.3220338983050848,1.0,1.2135295867919922
9290,REINFORCE,EGFR,73,74,132.0233507156372,CC(NC(=O)c1ccncc1)c1nsc(-c2cccc(C(=O)c3ccccc3)c2)n1,true,1,true,0,0.4750382339009288,0.0,4.322100000000003,414.4900000000001,30.0,396.34600000000023,6.0,1.0,7.0,6.0,4.0,0.0,4.0,84.84,0.0,0.0,C23H18N4O2S,1176.0593699302024,2.0,0.0,0.3913043478260869,0.28846153846153844,0.3285714285714286,0.38983050847457623,0.3913043478260869,0.3913043478260869,0.3913043478260869,1.0,1.2135295867919922
9291,REINFORCE,EGFR,73,75,132.0233507156372,NC(=O)c1cccc(NC(=O)Nc2ccc(Cl)cc2)c1,true,1,true,0,0.8109956559873764,0.0,3.0829000000000004,289.722,20.0,277.62600000000003,2.0,3.0,6.0,3.0,2.0,0.0,2.0,84.22,0.0,0.0,C14H12ClN3O2,641.1222050445389,1.0,0.0,0.3728813559322034,0.28846153846153844,0.3571428571428571,0.3728813559322034,0.34782608695652173,0.3728813559322034,0.3728813559322034,1.0,1.2135295867919922
9292,REINFORCE,EGFR,73,76,132.0233507156372,COc1ccc(C(=O)CNC2CCN(C(=O)c3ccc([N+](=O)[O-])o3)CC2)cc1,true,1,true,0,0.44013258458343896,0.0,2.2735000000000003,387.39200000000017,28.0,366.2240000000001,7.0,1.0,9.0,7.0,2.0,1.0,3.0,114.92,0.0,0.0,C19H21N3O6,852.8088469091809,4.0,0.0,0.4576271186440678,0.32692307692307687,0.27142857142857146,0.4576271186440678,0.2753623188405797,0.4576271186440678,0.4576271186440678,1.0,1.2135295867919922
9293,REINFORCE,EGFR,73,77,132.0233507156372,COC(=O)c1ccc(C)c(NC(=O)c2cc(NC(=O)c3ncccc3N(C)C)cc(C(N)=O)c2)c1,true,1,true,0,0.4458076869606751,0.0,2.84612,475.5050000000002,35.0,450.3050000000003,7.0,3.0,10.0,7.0,3.0,0.0,3.0,143.72,0.0,0.0,C25H25N5O5,1319.3497252430705,1.0,0.0,0.4285714285714286,0.25,0.4285714285714286,0.3220338983050848,0.3623188405797102,0.4285714285714286,0.4285714285714286,1.0,1.2135295867919922
9294,REINFORCE,EGFR,73,78,132.0233507156372,CCc1c(C)c(C)nn1CC(=O)COC(=O)c1cc(C)c(C)cc1C,true,1,true,0,0.7548613324319039,0.0,3.413700000000002,342.4390000000001,25.0,316.2310000000001,5.0,0.0,5.0,6.0,2.0,0.0,2.0,61.190000000000005,0.0,0.0,C20H26N2O3,818.8341382816546,4.0,0.0,0.4067796610169492,0.28846153846153844,0.2857142857142857,0.4067796610169492,0.34782608695652173,0.4067796610169492,0.4067796610169492,1.0,1.2135295867919922
9295,REINFORCE,EGFR,73,79,132.0233507156372,Cc1cc(NC(=O)c2ccc(OCCN(C)C)cc2)no1,true,1,true,0,0.8824594005779921,0.0,2.17572,289.335,21.0,270.183,5.0,1.0,6.0,6.0,2.0,0.0,2.0,67.6,0.0,0.0,C15H19N3O3,590.4662401969236,4.0,0.0,0.4576271186440678,0.32692307692307687,0.3142857142857143,0.4576271186440678,0.30434782608695654,0.4576271186440678,0.4576271186440678,1.0,1.2135295867919922
9296,REINFORCE,EGFR,73,80,132.0233507156372,Oc1ccccc1C1=NN(c2ccccc2)C2(c3ccc(N4CCOCC4)cc3)CC1N2,true,1,true,0,0.666754605676871,0.0,3.668000000000001,426.52000000000027,32.0,400.3120000000002,6.0,2.0,6.0,4.0,3.0,4.0,7.0,60.33000000000001,0.0,0.0,C26H26N4O2,1134.0031779973756,1.0,0.0,0.3653846153846154,0.3653846153846154,0.34285714285714286,0.3220338983050848,0.30434782608695654,0.3653846153846154,0.3653846153846154,1.0,1.2135295867919922
9297,REINFORCE,EGFR,73,81,132.0233507156372,Cc1ccccc1OCC(=O)NCCc1nn[nH]n1,true,1,true,0,0.7769763939161012,0.0,0.24581999999999982,261.28499999999997,19.0,246.165,5.0,2.0,7.0,6.0,2.0,0.0,2.0,92.79,0.0,0.0,C12H15N5O2,526.6758296014686,3.0,0.0,0.3076923076923077,0.3076923076923077,0.22857142857142854,0.30508474576271183,0.23188405797101452,0.3076923076923077,0.3076923076923077,1.0,1.2135295867919922
9298,REINFORCE,EGFR,73,82,132.0233507156372,Nc1ccc(S(=O)(=O)Cc2ccc(NC(=O)c3csc4ccccc34)cc2F)cc1,true,1,true,0,0.43434321469259346,0.0,4.848800000000003,440.5210000000001,30.0,423.38500000000016,5.0,2.0,8.0,5.0,4.0,0.0,4.0,89.25999999999999,0.0,0.0,C22H17FN2O3S2,1346.5827165982269,3.0,1.0,0.33333333333333337,0.25,0.27142857142857146,0.30508474576271183,0.33333333333333337,0.33333333333333337,0.33333333333333337,1.0,1.2135295867919922
9299,REINFORCE,EGFR,73,83,132.0233507156372,CNc1ccnc(-c2cccc(C(=O)Nc3cc(N4CCN(C)CC4)c(C(N)=O)cc3Cl)c2)c1,true,1,true,0,0.5003119833963598,0.0,3.5467000000000013,478.9840000000004,34.0,451.76800000000026,6.0,3.0,9.0,6.0,3.0,1.0,4.0,103.59,0.0,0.0,C25H27ClN6O2,1223.777786615705,1.0,0.0,0.4,0.25,0.4,0.3728813559322034,0.3188405797101449,0.4,0.4,1.0,1.2135295867919922
9300,REINFORCE,EGFR,73,84,132.0233507156372,CN(C)Cc1cc(Cl)cc(Cl)c1C(=O)N1CCCN(C(=O)CCCN2CCN(C)CC2)CC1,true,1,true,0,0.5790249845961106,0.0,2.757100000000001,498.4990000000006,33.0,461.2030000000003,5.0,0.0,9.0,7.0,1.0,2.0,3.0,50.34000000000001,0.0,0.0,C24H37Cl2N5O2,827.3177573957862,4.0,0.0,0.4915254237288136,0.3653846153846154,0.3285714285714286,0.4915254237288136,0.33333333333333337,0.4915254237288136,0.4915254237288136,1.0,1.2135295867919922
9301,REINFORCE,EGFR,73,85,132.0233507156372,CC(C)c1ccccc1NC(=O)CNC(=O)c1ccc(F)cc1Cl,true,1,true,0,0.858509128937885,0.0,3.971000000000002,348.80499999999995,24.0,330.66100000000006,2.0,2.0,6.0,5.0,2.0,0.0,2.0,58.2,0.0,0.0,C18H18ClFN2O2,762.4340221379409,2.0,1.0,0.3623188405797102,0.28846153846153844,0.34285714285714286,0.35593220338983056,0.3623188405797102,0.3623188405797102,0.3623188405797102,1.0,1.2135295867919922
9302,REINFORCE,EGFR,73,86,132.0233507156372,COc1cc(N(C(=O)c2cc3c(F)cc(N(C)C)cc3[nH]2)C2CCN(CC3CCN(C)C3)CC2)cc(OC)c1OC,true,1,true,0,0.40937830146459164,0.0,4.461700000000004,567.7060000000004,41.0,525.3700000000003,7.0,1.0,10.0,9.0,3.0,2.0,5.0,73.51,0.0,0.0,C31H42FN5O4,1359.3255726217958,2.0,1.0,0.4576271186440678,0.17307692307692313,0.27142857142857146,0.4576271186440678,0.26086956521739135,0.4576271186440678,0.4576271186440678,1.0,1.2135295867919922
9303,REINFORCE,EGFR,73,87,132.0233507156372,COc1cc(OCCCN2CCOCC2)cc(F)c1N1CCN(C(=O)c2cc(C3CCN(C(C)=O)CC3)cc(C)c2F)CC1,true,1,true,0,0.39460309221645234,0.0,4.071220000000003,614.7340000000002,44.0,570.3820000000003,7.0,0.0,11.0,9.0,2.0,3.0,5.0,74.79,0.0,0.0,C33H44F2N4O5,1319.7423284242443,5.0,2.0,0.2857142857142857,0.17307692307692313,0.2857142857142857,0.27118644067796616,0.23188405797101452,0.2857142857142857,0.2857142857142857,1.0,1.2135295867919922
9304,REINFORCE,EGFR,73,88,132.0233507156372,c1(NC(c2ccc(CN3C(C)CCCC3)cc2)=O)ccc(NS(=O)(c2c3n(ccc(N4CCN(C)CC4)n3)ccc2)=O)cc1,false,0,true,0,0.0,0.0,0.0,0.0,0.0,0.0,0.0,0.0,0.0,0.0,0.0,0.0,0.0,0.0,0.0,0.0,0.0,0.0,0.0,0.0,0.0,0.0,0.0,0.0,0.0,1e-06,1e-06,1.0,1.2135295867919922
9305,REINFORCE,EGFR,73,89,132.0233507156372,CNc1nc(NCCOc2ccc(C)cc2C)nc(NCc2cccc(Cl)c2)n1,true,1,true,0,0.45196651671773713,0.0,4.286540000000003,412.9250000000001,29.0,387.72500000000014,7.0,3.0,8.0,9.0,3.0,0.0,3.0,83.99000000000001,0.0,0.0,C21H25ClN6O,965.6513980653848,5.0,0.0,0.423728813559322,0.34615384615384615,0.3571428571428571,0.423728813559322,0.3623188405797102,0.423728813559322,0.423728813559322,1.0,1.2135295867919922
9306,REINFORCE,EGFR,73,90,132.0233507156372,Cc1ccc(Nc2ccc(CCC3CCCN3C(=O)N3CCCS3(=O)=O)cc2S(C)(=O)=O)cc1,true,1,true,0,0.6421496525223631,0.0,3.6946200000000022,505.6620000000002,34.0,474.41400000000027,6.0,1.0,10.0,6.0,2.0,2.0,4.0,103.85999999999999,0.0,0.0,C24H31N3O5S2,1274.1867547325628,3.0,0.0,0.35593220338983056,0.1923076923076923,0.3285714285714286,0.35593220338983056,0.30434782608695654,0.35593220338983056,0.35593220338983056,1.0,1.2135295867919922
9307,REINFORCE,EGFR,73,91,132.0233507156372,COc1ccc(Nc2nc(N)n3nc(C)cc3n2)cc1C(=O)Nc1ccc(Cl)c(C(F)(F)F)c1,true,1,true,0,0.37017499945720106,0.0,4.691620000000002,491.86100000000016,34.0,474.72500000000025,8.0,3.0,13.0,5.0,4.0,0.0,4.0,119.46000000000001,0.0,0.0,C21H17ClF3N7O2,1405.3838633898167,2.0,3.0,0.35593220338983056,0.28846153846153844,0.3285714285714286,0.35593220338983056,0.33333333333333337,0.35593220338983056,0.35593220338983056,1.0,1.2135295867919922
9308,REINFORCE,EGFR,73,92,132.0233507156372,O=C(Nc1ccc(Nc2ncccc2C(F)(F)F)cc1)C1CC1,true,1,true,0,0.8874889129361633,0.0,4.192500000000002,321.302,23.0,307.19000000000005,3.0,2.0,7.0,4.0,2.0,1.0,3.0,54.02,0.0,0.0,C16H14F3N3O,709.2555542625771,2.0,3.0,0.42028985507246375,0.3846153846153846,0.34285714285714286,0.30508474576271183,0.42028985507246375,0.42028985507246375,0.42028985507246375,1.0,1.2135295867919922
9309,REINFORCE,EGFR,73,93,132.0233507156372,COc1nc(C)ccc1CCNN1CCCCC1C,true,1,true,0,0.8844253923675884,0.0,2.32012,263.38499999999993,19.0,238.18499999999997,4.0,1.0,4.0,5.0,1.0,1.0,2.0,37.39,0.0,0.0,C15H25N3O,408.3772020753059,4.0,0.0,0.42307692307692313,0.42307692307692313,0.27142857142857146,0.30508474576271183,0.2753623188405797,0.42307692307692313,0.42307692307692313,1.0,1.2135295867919922
9310,REINFORCE,EGFR,73,94,132.0233507156372,COC(=O)c1ccc(CN2CCN(CCOc3cccc(OC)c3OC)CC2)cc1,true,1,true,0,0.5848618438644858,0.0,2.6870000000000003,414.5020000000002,30.0,384.2620000000002,7.0,0.0,7.0,9.0,2.0,1.0,3.0,60.47000000000001,0.0,0.0,C23H30N2O5,816.8432177100697,4.0,0.0,0.423728813559322,0.32692307692307687,0.37142857142857144,0.423728813559322,0.42028985507246375,0.423728813559322,0.423728813559322,1.0,1.2135295867919922
9311,REINFORCE,EGFR,73,95,132.0233507156372,CN(Cc1noc(C(C)(C)C)n1)S(=O)(=O)c1ccc(Cl)c(F)c1,true,1,true,0,0.8362647890321294,0.0,2.9803000000000015,361.826,23.0,344.69,5.0,0.0,9.0,4.0,2.0,0.0,2.0,76.30000000000001,0.0,0.0,C14H17ClFN3O3S,814.9152515155386,4.0,1.0,0.30508474576271183,0.25,0.2857142857142857,0.30508474576271183,0.28985507246376807,0.30508474576271183,0.30508474576271183,1.0,1.2135295867919922
9312,REINFORCE,EGFR,73,96,132.0233507156372,CC(C)c1c(O)cc2c(c1O)C(=O)CC(C)(C)O2,true,1,true,0,0.8037341601215803,0.0,2.9650000000000016,250.29399999999993,18.0,232.14999999999995,4.0,2.0,4.0,1.0,1.0,1.0,2.0,66.76,0.0,0.0,C14H18O4,515.0155435376579,1.0,0.0,0.3728813559322034,0.34615384615384615,0.3285714285714286,0.3728813559322034,0.30434782608695654,0.3728813559322034,0.3728813559322034,1.0,1.2135295867919922
9313,REINFORCE,EGFR,73,97,132.0233507156372,CN1CCN2CCc3[nH]c4ccccc4c3CC2C1,true,1,true,0,0.7763298789806238,0.0,1.8824999999999998,255.36499999999998,19.0,234.19699999999995,2.0,1.0,3.0,0.0,2.0,2.0,4.0,22.27,0.0,0.0,C16H21N3,601.0598948127005,0.0,0.0,0.28985507246376807,0.25,0.24285714285714288,0.22033898305084743,0.28985507246376807,0.28985507246376807,0.28985507246376807,1.0,1.2135295867919922
9314,REINFORCE,EGFR,73,98,132.0233507156372,CC1(C)CC(=O)c2nc3c(n2C1)CCN(C(=O)c1ccccc1C(F)(F)F)C3,true,1,true,0,0.7447327134470001,0.0,3.7130000000000027,391.39300000000003,28.0,371.233,4.0,0.0,8.0,1.0,2.0,2.0,4.0,55.2,0.0,0.0,C20H20F3N3O2,975.5609115555561,1.0,3.0,0.44067796610169496,0.21153846153846156,0.41428571428571426,0.44067796610169496,0.34782608695652173,0.44067796610169496,0.44067796610169496,1.0,1.2135295867919922
9315,REINFORCE,EGFR,73,99,132.0233507156372,Cc1ccccc1NC(=O)Nc1ccc(N2CCN(c3ccc4nc(C(=O)N5CCC(C)CC5)cn4c3)CC2)cc1,true,1,true,0,0.3429376319019623,0.0,5.485420000000005,551.6950000000004,41.0,514.3990000000003,6.0,2.0,9.0,5.0,4.0,2.0,6.0,85.22,0.0,0.0,C32H37N7O2,1531.4499724643254,1.0,0.0,0.38983050847457623,0.25,0.3571428571428571,0.38983050847457623,0.26086956521739135,0.38983050847457623,0.38983050847457623,1.0,1.2135295867919922
9316,REINFORCE,EGFR,73,100,132.0233507156372,Cc1cccc(-c2ccc(N(C(=O)c3cccnc3)C(C)CO)cc2)c1,true,1,true,0,0.7570918363243689,0.0,4.084620000000003,346.43000000000006,26.0,324.2540000000001,3.0,1.0,4.0,5.0,3.0,0.0,3.0,53.43000000000001,0.0,0.0,C22H22N2O2,876.1588014648845,3.0,0.0,0.46153846153846156,0.46153846153846156,0.3857142857142857,0.4067796610169492,0.3913043478260869,0.46153846153846156,0.46153846153846156,1.0,1.2135295867919922
9317,REINFORCE,EGFR,73,101,132.0233507156372,O=C1c2cc(-c3ccc(N4CCCC4=O)cc3)ccc2OC1C(F)(F)F,true,1,true,0,0.8127167533817191,0.0,3.9864000000000024,361.31899999999996,26.0,347.207,3.0,0.0,7.0,2.0,2.0,2.0,4.0,46.61,0.0,0.0,C19H14F3NO3,889.8926256534431,1.0,3.0,0.3857142857142857,0.3653846153846154,0.3857142857142857,0.27118644067796616,0.34782608695652173,0.3857142857142857,0.3857142857142857,1.0,1.2135295867919922
9318,REINFORCE,EGFR,73,102,132.0233507156372,CNC(=O)c1ccc(CNC2CCCC(C(=O)O)C2)cc1,true,1,true,0,0.7721489939229433,0.0,1.7791999999999992,290.363,21.0,268.18699999999995,3.0,3.0,5.0,5.0,1.0,1.0,2.0,78.43,0.0,0.0,C16H22N2O3,498.7484822252638,3.0,0.0,0.5254237288135593,0.2692307692307693,0.37142857142857144,0.5254237288135593,0.33333333333333337,0.5254237288135593,0.5254237288135593,1.0,1.2135295867919922
9319,REINFORCE,EGFR,73,103,132.0233507156372,Cc1cc(Cl)c(OCCCCN2CCN(c3ccccc3C)CC2)cc1C,true,1,true,0,0.6044471869695611,0.0,5.246460000000005,386.96700000000016,27.0,355.71900000000016,3.0,0.0,4.0,7.0,2.0,1.0,3.0,15.71,0.0,0.0,C23H31ClN2O,754.0387222135337,6.0,0.0,0.38983050847457623,0.34615384615384615,0.3142857142857143,0.38983050847457623,0.37681159420289856,0.38983050847457623,0.38983050847457623,1.0,1.2135295867919922
9320,REINFORCE,EGFR,73,104,132.0233507156372,COc1cccc(OCC(=O)Nc2ccc(C)cc2C)c1,true,1,true,0,0.9163013229848028,0.0,3.3295400000000024,285.343,21.0,266.191,3.0,1.0,4.0,5.0,2.0,0.0,2.0,47.56,0.0,0.0,C17H19NO3,637.6823890248461,3.0,0.0,0.3653846153846154,0.3653846153846154,0.3285714285714286,0.35593220338983056,0.33333333333333337,0.3653846153846154,0.3653846153846154,1.0,1.2135295867919922
9321,REINFORCE,EGFR,73,105,132.0233507156372,COc1ccc(C2=CCN(C(=O)c3cc(C)oc3C)CC2)cn1,true,1,true,0,0.8728998650407834,0.0,3.229540000000002,312.369,23.0,292.209,4.0,0.0,5.0,3.0,2.0,1.0,3.0,55.57,0.0,0.0,C18H20N2O3,744.127232853632,1.0,0.0,0.423728813559322,0.3846153846153846,0.3142857142857143,0.423728813559322,0.3188405797101449,0.423728813559322,0.423728813559322,1.0,1.2135295867919922
9322,REINFORCE,EGFR,73,106,132.0233507156372,NC(Cc1cccc(CO)c1)C(=O)O,true,1,true,0,0.6374352522058216,0.0,0.13329999999999997,195.218,14.0,182.11399999999995,3.0,3.0,4.0,4.0,1.0,0.0,1.0,83.55,0.0,0.0,C10H13NO3,324.89807890805156,3.0,0.0,0.3076923076923077,0.3076923076923077,0.2571428571428571,0.27118644067796616,0.23188405797101452,0.3076923076923077,0.3076923076923077,1.0,1.2135295867919922
9323,REINFORCE,EGFR,73,107,132.0233507156372,COc1cc(OC)c(CC2SC(=O)NC2=O)cc1Cl,true,1,true,0,0.9238341477621563,0.0,2.2512999999999996,301.751,19.0,289.655,5.0,1.0,7.0,4.0,1.0,1.0,2.0,64.63,0.0,0.0,C12H12ClNO4S,534.7058226694405,2.0,0.0,0.3653846153846154,0.3653846153846154,0.27142857142857146,0.3389830508474576,0.28985507246376807,0.3653846153846154,0.3653846153846154,1.0,1.2135295867919922
9324,REINFORCE,EGFR,73,108,132.0233507156372,CCOc1c(CN2CCN(c3ccc(C(C)=O)cc3)CC2)cccc1OC,true,1,true,0,0.6984886730522939,0.0,3.6187000000000022,368.47700000000015,27.0,340.2530000000001,5.0,0.0,5.0,7.0,2.0,1.0,3.0,42.010000000000005,0.0,0.0,C22H28N2O3,765.6273995648829,2.0,0.0,0.3913043478260869,0.3846153846153846,0.3571428571428571,0.3728813559322034,0.3913043478260869,0.3913043478260869,0.3913043478260869,1.0,1.2135295867919922
9325,REINFORCE,EGFR,73,109,132.0233507156372,Cc1ccc(N2CCN(C(=O)C3CC(=O)N(c4ccc(C)cc4C)C3)CC2)cc1,true,1,true,0,0.8062993762340693,0.0,3.3135600000000025,391.51500000000027,29.0,362.2830000000002,3.0,0.0,5.0,3.0,2.0,2.0,4.0,43.86000000000001,0.0,0.0,C24H29N3O2,914.2230574681995,1.0,0.0,0.3728813559322034,0.3076923076923077,0.2857142857142857,0.3728813559322034,0.3188405797101449,0.3728813559322034,0.3728813559322034,1.0,1.2135295867919922
9326,REINFORCE,EGFR,73,110,132.0233507156372,CCOC(=O)c1c(C)oc(C)c1C(=O)N1CCN(c2ccc(F)c(F)c2)CC1,true,1,true,0,0.7473524084323477,0.0,3.313740000000002,392.4020000000001,28.0,370.2260000000001,5.0,0.0,8.0,4.0,2.0,1.0,3.0,62.99,0.0,0.0,C20H22F2N2O4,901.8509151097799,1.0,2.0,0.3913043478260869,0.2692307692307693,0.3857142857142857,0.35593220338983056,0.3913043478260869,0.3913043478260869,0.3913043478260869,1.0,1.2135295867919922
9327,REINFORCE,EGFR,73,111,132.0233507156372,COc1cc(C(=O)Nc2cccc(S(=O)(=O)Nc3ccc(CN(C)C)cc3)c2)c(OC)cc1N,true,1,true,0,0.3978641316368336,0.0,3.4007000000000014,484.5780000000003,34.0,456.3540000000003,7.0,3.0,10.0,9.0,3.0,0.0,3.0,122.99,0.0,0.0,C24H28N4O5S,1275.020851159389,3.0,0.0,0.423728813559322,0.2692307692307693,0.3142857142857143,0.423728813559322,0.42028985507246375,0.423728813559322,0.423728813559322,1.0,1.2135295867919922
9328,REINFORCE,EGFR,73,112,132.0233507156372,COc1ccc(NS(=O)(=O)c2ccc(S)c3cc(C)ccc23)cc1,true,1,true,0,0.6849890027297642,0.0,4.2463200000000025,359.4720000000001,24.0,342.3360000000001,4.0,2.0,6.0,4.0,3.0,0.0,3.0,55.4,0.0,0.0,C18H17NO3S2,996.6976510813936,3.0,0.0,0.3728813559322034,0.34615384615384615,0.2857142857142857,0.3728813559322034,0.33333333333333337,0.3728813559322034,0.3728813559322034,1.0,1.2135295867919922
9329,REINFORCE,EGFR,73,113,132.0233507156372,COCCNC(=O)Cn1c(Nc2ccccc2)c(Nc2ccc(N3CCOCC3)cc2)c(=O)c2ccccc21,true,1,true,0,0.2674619806761058,0.0,4.087900000000003,527.6250000000003,39.0,494.36100000000044,8.0,3.0,9.0,10.0,4.0,1.0,5.0,96.85999999999999,0.0,0.0,C30H33N5O4,1464.9656774433731,3.0,0.0,0.41428571428571426,0.1923076923076923,0.41428571428571426,0.30508474576271183,0.4057971014492754,0.41428571428571426,0.41428571428571426,1.0,1.2135295867919922
9330,REINFORCE,EGFR,73,114,132.0233507156372,COc1cc(N2CCNCC2)ccc1NC(=O)c1ccc(COC(=O)c2cc(Br)c(F)cc2C)cc1OC,true,1,true,0,0.3621297500872885,0.0,4.932720000000003,586.4580000000001,38.0,557.2260000000002,7.0,2.0,10.0,8.0,3.0,1.0,4.0,89.13000000000001,0.0,0.0,C28H29BrFN3O5,1344.3046584933138,2.0,1.0,0.3188405797101449,0.21153846153846156,0.27142857142857146,0.30508474576271183,0.3188405797101449,0.3188405797101449,0.3188405797101449,1.0,1.2135295867919922
9331,REINFORCE,EGFR,73,115,132.0233507156372,CNC(=O)c1ccc(S(=O)(=O)N(CC2CCCCC2)c2ccc(-c3ccc(C)c(C)c3)cc2)o1,true,1,true,0,0.4704939782113907,0.0,5.6986400000000055,480.6300000000002,34.0,448.3740000000003,4.0,1.0,7.0,7.0,3.0,1.0,4.0,79.62,0.0,0.0,C27H32N2O4S,1256.0371501442899,5.0,0.0,0.37681159420289856,0.11538461538461542,0.37142857142857144,0.288135593220339,0.37681159420289856,0.37681159420289856,0.37681159420289856,1.0,1.2135295867919922
9332,REINFORCE,EGFR,73,116,132.0233507156372,Cc1ccc(S(=O)(=O)Nc2ccc(-c3ccccc3)c(Cl)c2)cc1,true,1,true,0,0.7042612389590629,0.0,5.116220000000003,357.8620000000001,24.0,341.7340000000001,2.0,1.0,5.0,4.0,3.0,0.0,3.0,46.17,0.0,0.0,C19H16ClNO2S,952.4167778469376,3.0,0.0,0.4067796610169492,0.28846153846153844,0.2857142857142857,0.4067796610169492,0.34782608695652173,0.4067796610169492,0.4067796610169492,1.0,1.2135295867919922
9333,REINFORCE,EGFR,73,117,132.0233507156372,CN1CC(C(=O)N(C)Cc2ccc(OC(F)(F)F)c(Cl)c2)CC1=O,true,1,true,0,0.825038780814824,0.0,2.675300000000001,364.75100000000015,24.0,348.623,3.0,0.0,9.0,4.0,1.0,1.0,2.0,49.85,0.0,0.0,C15H16ClF3N2O3,651.3417142630558,2.0,3.0,0.3571428571428571,0.23076923076923073,0.3571428571428571,0.3389830508474576,0.33333333333333337,0.3571428571428571,0.3571428571428571,1.0,1.2135295867919922
9334,REINFORCE,EGFR,73,118,132.0233507156372,O=C1NCCN(Cc2ccc(F)cc2)C1CC(=O)N1CCC2(CCCO2)CC1,true,1,true,0,0.8513989833957334,0.0,1.6877999999999995,389.47100000000034,28.0,361.2470000000001,4.0,1.0,7.0,4.0,1.0,3.0,4.0,61.88000000000001,0.0,0.0,C21H28FN3O3,708.1109218852187,2.0,1.0,0.42307692307692313,0.42307692307692313,0.37142857142857144,0.4067796610169492,0.3188405797101449,0.42307692307692313,0.42307692307692313,1.0,1.2135295867919922
9335,REINFORCE,EGFR,73,119,132.0233507156372,CN(C)CC(=CC(O)CNC(=O)c1ccccc1C#N)c1ccc(Cl)cc1,true,1,true,0,0.7702680347652168,0.0,2.947580000000001,383.879,27.0,361.7030000000001,4.0,2.0,6.0,7.0,2.0,0.0,2.0,76.36,0.0,0.0,C21H22ClN3O2,854.4755959248932,3.0,0.0,0.3142857142857143,0.25,0.3142857142857143,0.27118644067796616,0.28985507246376807,0.3142857142857143,0.3142857142857143,1.0,1.2135295867919922
9336,REINFORCE,EGFR,73,120,132.0233507156372,Nc1cc(-c2ccccc2C(F)(F)F)nc(N)n1,true,1,true,0,0.8182173717756713,0.0,2.3267999999999995,254.21499999999995,18.0,245.14299999999994,4.0,2.0,7.0,1.0,2.0,0.0,2.0,77.82,0.0,0.0,C11H9F3N4,560.4912752663988,1.0,3.0,0.35593220338983056,0.34615384615384615,0.2857142857142857,0.35593220338983056,0.34782608695652173,0.35593220338983056,0.35593220338983056,1.0,1.2135295867919922
9337,REINFORCE,EGFR,73,121,132.0233507156372,Cc1cc(CO)cc2c1N(C(=O)c1cccc(C(=O)O)c1)CCC2,true,1,true,0,0.9094494389907856,0.0,2.778520000000001,325.3640000000001,24.0,306.21200000000005,3.0,2.0,5.0,3.0,2.0,1.0,3.0,77.84,0.0,0.0,C19H19NO4,813.0092413223033,1.0,0.0,0.46153846153846156,0.46153846153846156,0.3285714285714286,0.423728813559322,0.3623188405797102,0.46153846153846156,0.46153846153846156,1.0,1.2135295867919922
9338,REINFORCE,EGFR,73,122,132.0233507156372,O=C(NC1CCOC1=O)c1cccc(C(=O)N(CCCN2C(=O)c3cccc4cccc(c34)C2=O)C2CCCC2)c1,true,1,true,0,0.33388690856767905,0.0,3.9562000000000026,553.6150000000002,41.0,522.3670000000004,6.0,1.0,9.0,8.0,3.0,3.0,6.0,113.08999999999997,0.0,0.0,C32H31N3O6,1509.2785036390048,5.0,0.0,0.3285714285714286,0.11538461538461542,0.3285714285714286,0.18644067796610164,0.30434782608695654,0.3285714285714286,0.3285714285714286,1.0,1.2135295867919922
9339,REINFORCE,EGFR,73,123,132.0233507156372,CC(=O)C1=C(C)NC(NC(C)(C)C)=NC1c1ccccc1,true,1,true,0,0.878145909974256,0.0,2.9380000000000006,285.391,21.0,262.207,4.0,2.0,4.0,2.0,1.0,1.0,2.0,53.49,0.0,0.0,C17H23N3O,594.211277448679,2.0,0.0,0.3571428571428571,0.23076923076923073,0.3571428571428571,0.35593220338983056,0.33333333333333337,0.3571428571428571,0.3571428571428571,1.0,1.2135295867919922
9340,REINFORCE,EGFR,73,124,132.0233507156372,CC(C)CC(Cc1ccccc1)NC(=O)C(F)(F)F,true,1,true,0,0.8756993159012488,0.0,3.322300000000002,273.298,19.0,255.15399999999994,1.0,1.0,5.0,5.0,1.0,0.0,1.0,29.1,0.0,0.0,C14H18F3NO,400.9021456369802,5.0,3.0,0.3389830508474576,0.3076923076923077,0.30000000000000004,0.3389830508474576,0.26086956521739135,0.3389830508474576,0.3389830508474576,1.0,1.2135295867919922
9341,REINFORCE,EGFR,73,125,132.0233507156372,Cc1ccoc1C(=O)Nc1nc(-c2ccco2)ns1,true,1,true,0,0.7943246767319129,0.0,2.9518200000000006,275.289,19.0,266.217,6.0,1.0,7.0,3.0,3.0,0.0,3.0,81.16000000000001,0.0,0.0,C12H9N3O3S,699.464825923524,1.0,0.0,0.3076923076923077,0.3076923076923077,0.19999999999999996,0.30508474576271183,0.26086956521739135,0.3076923076923077,0.3076923076923077,1.0,1.2135295867919922
9342,REINFORCE,EGFR,73,126,132.0233507156372,N#CCCn1c(=O)n2c(-c3ccc(C=O)o3)ncc2c2ccc(Oc3cccc(F)c3)cc21,true,1,true,0,0.35714951316525256,0.0,4.566780000000003,442.4060000000002,33.0,427.28600000000023,8.0,0.0,9.0,6.0,5.0,0.0,5.0,102.53000000000002,0.0,0.0,C24H15FN4O4,1623.598092678895,3.0,1.0,0.3623188405797102,0.2692307692307693,0.3142857142857143,0.3389830508474576,0.3623188405797102,0.3623188405797102,0.3623188405797102,1.0,1.2135295867919922
9343,REINFORCE,EGFR,73,127,132.0233507156372,CCOC(=O)Nc1nc(NC(C)C)c(C(=O)N(C)c2nc(C)c(C)s2)s1,true,1,true,0,0.7677298178487721,0.0,3.8817400000000033,397.5260000000001,26.0,374.34200000000004,8.0,2.0,10.0,6.0,2.0,0.0,2.0,96.44999999999999,0.0,0.0,C16H23N5O3S2,780.4055905741304,2.0,0.0,0.4067796610169492,0.28846153846153844,0.3857142857142857,0.4067796610169492,0.4057971014492754,0.4067796610169492,0.4067796610169492,1.0,1.2135295867919922
