,model,task,step,batch_idx,absolute_time,smiles,valid,valid_score,unique,occurrences,desc_QED,desc_SAscore,desc_CLogP,desc_MolWt,desc_HeavyAtomCount,desc_HeavyAtomMolWt,desc_NumHAcceptors,desc_NumHDonors,desc_NumHeteroatoms,desc_NumRotatableBonds,desc_NumAromaticRings,desc_NumAliphaticRings,desc_RingCount,desc_TPSA,desc_PenLogP,desc_FormalCharge,desc_MolecularFormula,desc_Bertz,desc_MaxConsecutiveRotatableBonds,desc_FlourineCount,A2A_Sim,A2A_Cmpd1_Sim,A2A_Cmpd2_Sim,A2A_Cmpd3_Sim,raw_A2A_Sim,single,filter,score_time
896,REINFORCE,A2A,8,0,15.060598850250244,C=C1CCCC(COC2OCC(O)C(C)C2O)C1C=C(CO)C(C)Br,true,1,true,0,0.4553217658636097,0.0,2.3918,419.3560000000001,25.0,388.10800000000006,5.0,3.0,6.0,6.0,0.0,2.0,2.0,79.15,0.0,0.0,C19H31BrO5,478.43491041888376,3.0,0.0,0.26190476190476186,0.2592592592592593,0.26190476190476186,0.15384615384615385,0.26190476190476186,0.26190476190476186,1.0,1.1390023231506348
897,REINFORCE,A2A,8,1,15.060598850250244,C=C(OC(CC(=O)C1CCC(C)=C(C)C1)c1ccncc1)C(C)=O,true,1,true,0,0.42458470265452575,0.0,4.337700000000003,327.42400000000004,24.0,302.22400000000005,4.0,0.0,4.0,7.0,1.0,1.0,2.0,56.26,0.0,0.0,C20H25NO3,660.7213511905271,7.0,0.0,0.3571428571428571,0.33333333333333337,0.3571428571428571,0.10256410256410253,0.3571428571428571,0.3571428571428571,1.0,1.1390023231506348
898,REINFORCE,A2A,8,2,15.060598850250244,CC(C)(C)c1ccc(NC(=O)C2(c3ccccc3)CC2)cc1,true,1,true,0,0.8762190169328318,0.0,4.654400000000003,293.41,22.0,270.226,1.0,1.0,2.0,3.0,2.0,1.0,3.0,29.1,0.0,0.0,C20H23NO,661.103474065995,1.0,0.0,0.45238095238095233,0.38888888888888884,0.45238095238095233,0.3076923076923077,0.45238095238095233,0.45238095238095233,1.0,1.1390023231506348
899,REINFORCE,A2A,8,3,15.060598850250244,CCC1(S(=O)(=O)c2ccccc2)CC(=O)Nc2ccnn21,true,1,true,0,0.9366231783419552,0.0,1.7619999999999998,305.359,21.0,290.239,5.0,1.0,7.0,3.0,2.0,1.0,3.0,81.06,0.0,0.0,C14H15N3O3S,782.8053840020002,3.0,0.0,0.47619047619047616,0.4444444444444444,0.47619047619047616,0.28205128205128205,0.47619047619047616,0.47619047619047616,1.0,1.1390023231506348
900,REINFORCE,A2A,8,4,15.060598850250244,Cc1ccc2c(c1)C(NS(=O)(=O)c1ccccc1)CC(=O)N2CCC(=O)OCC(=O)c1ccccc1,true,1,true,0,0.35103985557484996,0.0,3.5675200000000027,506.5800000000004,36.0,480.37200000000036,6.0,1.0,9.0,9.0,3.0,1.0,4.0,109.85000000000002,0.0,0.0,C27H26N2O6S,1373.8875236837362,3.0,0.0,0.20370370370370372,0.20370370370370372,0.0,0.0,0.20370370370370372,0.20370370370370372,1.0,1.1390023231506348
901,REINFORCE,A2A,8,5,15.060598850250244,Cc1cc(-c2ccc(C)n2CCc2ccccc2C(F)(F)F)on1,true,1,true,0,0.6705157945133267,0.0,5.021440000000003,334.34099999999995,24.0,317.205,3.0,0.0,6.0,4.0,3.0,0.0,3.0,30.96,0.0,0.0,C18H17F3N2O,846.0685908831261,3.0,3.0,0.5641025641025641,0.33333333333333337,0.19047619047619047,0.5641025641025641,0.5641025641025641,0.5641025641025641,1.0,1.1390023231506348
902,REINFORCE,A2A,8,6,15.060598850250244,Cc1cnc(C(=O)NC(=O)N2CCCC2C)c(C)c1,true,1,true,0,0.8410274560874597,0.0,2.03254,261.32499999999993,19.0,242.17299999999997,3.0,1.0,5.0,1.0,1.0,1.0,2.0,62.300000000000004,0.0,0.0,C14H19N3O2,513.412582691368,1.0,0.0,0.37037037037037035,0.37037037037037035,0.3571428571428571,0.33333333333333337,0.37037037037037035,0.37037037037037035,1.0,1.1390023231506348
903,REINFORCE,A2A,8,7,15.060598850250244,Cn1c(=O)c2[nH]c(C(=O)c3ccccc3)nc2n(C)c1=O,true,1,true,0,0.680232809918772,0.0,0.19130000000000003,284.27500000000003,21.0,272.17900000000003,6.0,1.0,7.0,2.0,3.0,0.0,3.0,89.75,0.0,0.0,C14H12N4O3,963.5331829171593,2.0,0.0,0.6666666666666667,0.6666666666666667,0.2857142857142857,0.33333333333333337,0.6666666666666667,0.6666666666666667,1.0,1.1390023231506348
904,REINFORCE,A2A,8,8,15.060598850250244,O=C(NCc1ccccc1)c1ccoc1,true,1,true,0,0.8267714290392708,0.0,2.2096,201.225,15.0,190.13699999999994,2.0,1.0,3.0,3.0,2.0,0.0,2.0,42.24,0.0,0.0,C12H11NO2,420.1474735192937,2.0,0.0,0.33333333333333337,0.2407407407407407,0.33333333333333337,0.3076923076923077,0.33333333333333337,0.33333333333333337,1.0,1.1390023231506348
905,REINFORCE,A2A,8,9,15.060598850250244,CCCc1cc(OCC)c2oc(N3CCN(Cc4cc(CC)no4)CC3)nc(=O)c2c1,true,1,true,0,0.541764585548586,0.0,3.411800000000002,426.5170000000002,31.0,396.27700000000016,8.0,0.0,8.0,8.0,3.0,1.0,4.0,84.84,0.0,0.0,C23H30N4O4,1082.86026572388,2.0,0.0,0.37037037037037035,0.37037037037037035,0.19047619047619047,0.20512820512820518,0.37037037037037035,0.37037037037037035,1.0,1.1390023231506348
906,REINFORCE,A2A,8,10,15.060598850250244,O=C1CC(O)COc2ccc(N3CCCC(C(=O)O)C3)cc21,true,1,true,0,0.8565378380344685,0.0,1.3137,305.33000000000004,22.0,286.178,5.0,2.0,6.0,2.0,1.0,2.0,3.0,87.07000000000001,0.0,0.0,C16H19NO5,600.1990038916076,1.0,0.0,0.3571428571428571,0.33333333333333337,0.3571428571428571,0.20512820512820518,0.3571428571428571,0.3571428571428571,1.0,1.1390023231506348
907,REINFORCE,A2A,8,11,15.060598850250244,COc1cc(C(=O)C2C(=S)OC(C3CC=CCC3)=C2O)cc(OC)c1OC,true,1,true,0,0.4470624786821892,0.0,3.9948000000000032,390.45700000000016,27.0,368.2810000000001,7.0,1.0,7.0,6.0,1.0,2.0,3.0,74.22000000000001,0.0,0.0,C20H22O6S,800.7559961582449,2.0,0.0,0.33333333333333337,0.33333333333333337,0.23809523809523814,0.20512820512820518,0.33333333333333337,0.33333333333333337,1.0,1.1390023231506348
908,REINFORCE,A2A,8,12,15.060598850250244,CC1(C)CC(=O)C2=C(C1)OC(N)=C(C#N)C2c1ccccc1,true,1,true,0,0.862925779131206,0.0,3.137480000000001,294.354,22.0,276.21,4.0,1.0,4.0,1.0,1.0,2.0,3.0,76.11,0.0,0.0,C18H18N2O2,736.1007031868834,1.0,0.0,0.40476190476190477,0.2962962962962963,0.40476190476190477,0.10256410256410253,0.40476190476190477,0.40476190476190477,1.0,1.1390023231506348
909,REINFORCE,A2A,8,13,15.060598850250244,O=C1NCCC1C(c1ccccc1)c1ccccc1,true,1,true,0,0.8924612316721121,0.0,2.954600000000002,251.32900000000004,19.0,234.19299999999993,1.0,1.0,2.0,3.0,2.0,1.0,3.0,29.1,0.0,0.0,C17H17NO,510.48945251260074,3.0,0.0,0.38095238095238093,0.2407407407407407,0.38095238095238093,0.28205128205128205,0.38095238095238093,0.38095238095238093,1.0,1.1390023231506348
910,REINFORCE,A2A,8,14,15.060598850250244,C=C1C(=O)C(OC(=O)CO)=C2CCCC(C)(C)C12,true,1,true,0,0.5986623970774395,0.0,1.7412,250.29399999999995,18.0,232.14999999999995,4.0,1.0,4.0,2.0,0.0,2.0,2.0,63.60000000000001,0.0,0.0,C14H18O4,456.4144500215357,1.0,0.0,0.37037037037037035,0.37037037037037035,0.2857142857142857,0.17948717948717952,0.37037037037037035,0.37037037037037035,1.0,1.1390023231506348
911,REINFORCE,A2A,8,15,15.060598850250244,OCC1OC(CO)C(O)C(O)C1O,true,1,true,0,0.31685164234193136,0.0,-3.178899999999999,194.18300000000002,13.0,180.07099999999997,6.0,5.0,6.0,2.0,0.0,1.0,1.0,110.38000000000001,0.0,0.0,C7H14O6,143.0617569290273,1.0,0.0,0.30952380952380953,0.2777777777777778,0.30952380952380953,0.17948717948717952,0.30952380952380953,0.30952380952380953,1.0,1.1390023231506348
912,REINFORCE,A2A,8,16,15.060598850250244,[O-][S+]1C(Sc2ccccc2)CC2=CCCCC2C1Cc1ccccc1,true,1,true,0,0.5181320021631435,0.0,5.595000000000005,368.56700000000006,25.0,344.3750000000001,2.0,0.0,3.0,4.0,2.0,2.0,4.0,23.06,0.0,0.0,C22H24OS2,713.3217830578981,2.0,0.0,0.2407407407407407,0.2407407407407407,0.2142857142857143,0.10256410256410253,0.2407407407407407,0.2407407407407407,1.0,1.1390023231506348
913,REINFORCE,A2A,8,17,15.060598850250244,Cc1ccc(N(CC(=O)NC2CCCCCC2)S(=O)(=O)c2ccccc2)cc1,true,1,true,0,0.7446887943609188,0.0,4.029320000000004,400.54400000000004,28.0,372.32000000000016,3.0,1.0,6.0,6.0,2.0,1.0,3.0,66.48,0.0,0.0,C22H28N2O3S,871.7577015448376,5.0,0.0,0.38095238095238093,0.2407407407407407,0.38095238095238093,0.17948717948717952,0.38095238095238093,0.38095238095238093,1.0,1.1390023231506348
914,REINFORCE,A2A,8,18,15.060598850250244,C=CCCCNC1CCC(O)C1,true,1,true,0,0.48212574172788664,0.0,1.4556,169.268,12.0,150.11599999999999,2.0,2.0,2.0,5.0,0.0,1.0,1.0,32.26,0.0,0.0,C10H19NO,135.80026905978025,5.0,0.0,0.2857142857142857,0.18518518518518523,0.2857142857142857,0.15384615384615385,0.2857142857142857,0.2857142857142857,1.0,1.1390023231506348
915,REINFORCE,A2A,8,19,15.060598850250244,CN1C(=O)c2ccccc2CC1c1ccc(C#N)cc1,true,1,true,0,0.7927564529378662,0.0,2.9276800000000014,262.31199999999995,20.0,248.19999999999996,2.0,0.0,3.0,1.0,2.0,1.0,3.0,44.1,0.0,0.0,C17H14N2O,697.675097874084,1.0,0.0,0.40740740740740744,0.40740740740740744,0.38095238095238093,0.3846153846153846,0.40740740740740744,0.40740740740740744,1.0,1.1390023231506348
916,REINFORCE,A2A,8,20,15.060598850250244,OC12CCCC(CNC1)c1ccccc12,true,1,true,0,0.6729491095520654,0.0,1.7449000000000001,203.28500000000003,15.0,186.14899999999997,2.0,2.0,2.0,0.0,1.0,2.0,3.0,32.26,0.0,0.0,C13H17NO,364.5536317933456,0.0,0.0,0.3571428571428571,0.2407407407407407,0.3571428571428571,0.23076923076923073,0.3571428571428571,0.3571428571428571,1.0,1.1390023231506348
917,REINFORCE,A2A,8,21,15.060598850250244,CCN(c1cc(OC)c(NC(=O)C2CCN(C(=O)c3cc(C)c[nH]3)CC2)cc1F)C1CC1,true,1,true,0,0.6807461703023395,0.0,3.950420000000003,442.5350000000002,32.0,411.2870000000002,4.0,2.0,8.0,7.0,2.0,2.0,4.0,77.67,0.0,0.0,C24H31FN4O3,993.1256946876588,3.0,1.0,0.2222222222222222,0.2222222222222222,0.11904761904761907,0.0,0.2222222222222222,0.2222222222222222,1.0,1.1390023231506348
918,REINFORCE,A2A,8,22,15.060598850250244,CC(=O)N1CCCC1(c1ccccc1)c1ccc(N)cc1,true,1,true,0,0.8589283223858389,0.0,3.154700000000001,280.37100000000004,21.0,260.21099999999996,2.0,1.0,3.0,2.0,2.0,1.0,3.0,46.33,0.0,0.0,C18H20N2O,636.0277192449728,1.0,0.0,0.4285714285714286,0.33333333333333337,0.4285714285714286,0.3076923076923077,0.4285714285714286,0.4285714285714286,1.0,1.1390023231506348
919,REINFORCE,A2A,8,23,15.060598850250244,CC(=O)N1CCc2cc(NC(=O)C3CCCCO3)ccc21,true,1,true,0,0.9063816308728289,0.0,2.1032,288.347,21.0,268.18699999999995,3.0,1.0,5.0,2.0,1.0,2.0,3.0,58.64,0.0,0.0,C16H20N2O3,564.6405583179017,1.0,0.0,0.40476190476190477,0.37037037037037035,0.40476190476190477,0.17948717948717952,0.40476190476190477,0.40476190476190477,1.0,1.1390023231506348
920,REINFORCE,A2A,8,24,15.060598850250244,COc1cc(N2CCN(C)CC2)c(F)cc1NC(=O)c1cc(=O)c2ccccc2o1,true,1,true,0,0.7116396750478814,0.0,2.9448000000000008,411.43300000000016,30.0,389.25700000000023,6.0,1.0,8.0,4.0,3.0,1.0,4.0,75.02000000000001,0.0,0.0,C22H22FN3O4,1152.8180793942336,1.0,1.0,0.2857142857142857,0.2592592592592593,0.2857142857142857,0.23076923076923073,0.2857142857142857,0.2857142857142857,1.0,1.1390023231506348
921,REINFORCE,A2A,8,25,15.060598850250244,COc1cc(-c2csc3ncnc(N4CCN(c5ccccc5Cl)CC4)c23)cc(OC)c1OC,true,1,true,0,0.35564572779784254,0.0,5.364100000000005,497.02000000000027,34.0,471.8200000000003,8.0,0.0,9.0,6.0,4.0,1.0,5.0,59.95000000000002,0.0,0.0,C25H25ClN4O3S,1295.7623135651836,1.0,0.0,0.35185185185185186,0.35185185185185186,0.04761904761904767,0.3076923076923077,0.35185185185185186,0.35185185185185186,1.0,1.1390023231506348
922,REINFORCE,A2A,8,26,15.060598850250244,c1ccc2ncc(-c3cnc4ccc(N5CCOCC5)n4c3)cc2c1,true,1,true,0,0.5649663180824707,0.0,3.3861000000000017,330.391,25.0,312.24700000000007,5.0,0.0,5.0,2.0,4.0,1.0,5.0,42.66,0.0,0.0,C20H18N4O,1049.881837265782,1.0,0.0,0.38888888888888884,0.38888888888888884,0.23809523809523814,0.33333333333333337,0.38888888888888884,0.38888888888888884,1.0,1.1390023231506348
923,REINFORCE,A2A,8,27,15.060598850250244,Cc1nc2c(Cc3ccccc3)c3c(nc2n1C)CCC3,true,1,true,0,0.7188736806634153,0.0,3.356220000000002,277.37100000000004,21.0,258.21899999999994,3.0,0.0,3.0,2.0,3.0,1.0,4.0,30.71,0.0,0.0,C18H19N3,815.5908758819738,2.0,0.0,0.3589743589743589,0.35185185185185186,0.26190476190476186,0.3589743589743589,0.3589743589743589,0.3589743589743589,1.0,1.1390023231506348
924,REINFORCE,A2A,8,28,15.060598850250244,Cn1cc(C(=O)N2CCCN(C(=O)C3(C#N)CCCC3)CC2)cn1,true,1,true,0,0.8155777255948675,0.0,1.1785799999999993,329.4040000000001,24.0,306.22,5.0,0.0,7.0,2.0,1.0,2.0,3.0,82.23,0.0,0.0,C17H23N5O2,668.7659330998478,2.0,0.0,0.31481481481481477,0.31481481481481477,0.26190476190476186,0.17948717948717952,0.31481481481481477,0.31481481481481477,1.0,1.1390023231506348
925,REINFORCE,A2A,8,29,15.060598850250244,c1ccc(-c2cc3n(c2-c2ccccc2)CCCNC3)cc1,true,1,true,0,0.7430355504486756,0.0,4.315400000000003,288.394,22.0,268.234,2.0,1.0,2.0,2.0,3.0,1.0,4.0,16.96,0.0,0.0,C20H20N2,757.1611584646033,1.0,0.0,0.5384615384615384,0.35185185185185186,0.2142857142857143,0.5384615384615384,0.5384615384615384,0.5384615384615384,1.0,1.1390023231506348
926,REINFORCE,A2A,8,30,15.060598850250244,CCOC(=O)C1CCCN1C(=O)C(CC(C)C)NC(=O)COc1c(C)cccc1Cl,true,1,true,0,0.5985820530196788,0.0,3.1122200000000015,438.9520000000002,30.0,407.7040000000002,5.0,1.0,8.0,9.0,1.0,1.0,2.0,84.94000000000001,0.0,0.0,C22H31ClN2O5,747.6448293307186,4.0,0.0,0.33333333333333337,0.31481481481481477,0.33333333333333337,0.0,0.33333333333333337,0.33333333333333337,1.0,1.1390023231506348
927,REINFORCE,A2A,8,31,15.060598850250244,Cc1ccc2cc(C(=O)NCCCCN3CCCCC3)c(=O)oc2c1,true,1,true,0,0.6471614456609002,0.0,3.0973200000000016,342.4390000000001,25.0,316.23100000000005,4.0,1.0,5.0,6.0,2.0,1.0,3.0,62.550000000000004,0.0,0.0,C20H26N2O3,791.1181144874727,5.0,0.0,0.31481481481481477,0.31481481481481477,0.26190476190476186,0.2564102564102564,0.31481481481481477,0.31481481481481477,1.0,1.1390023231506348
928,REINFORCE,A2A,8,32,15.060598850250244,COC(COc1cccc(Cl)c1Cl)C(=O)O,true,1,true,0,0.8880176279429332,0.0,2.4718,265.092,16.0,255.01199999999997,3.0,1.0,6.0,5.0,1.0,0.0,1.0,55.760000000000005,0.0,0.0,C10H10Cl2O4,381.081820744015,5.0,0.0,0.33333333333333337,0.31481481481481477,0.33333333333333337,0.28205128205128205,0.33333333333333337,0.33333333333333337,1.0,1.1390023231506348
929,REINFORCE,A2A,8,33,15.060598850250244,CCN(CC)S(=O)(=O)c1cnc(Oc2cc(C(=O)N3CCC(C)CC3)c(Cl)cc2Cl)nc1,true,1,true,0,0.5557431323622857,0.0,4.478300000000004,501.4360000000003,32.0,475.2280000000002,6.0,0.0,11.0,7.0,2.0,1.0,3.0,92.69999999999999,0.0,0.0,C21H26Cl2N4O4S,1067.9523861976309,4.0,0.0,0.33333333333333337,0.33333333333333337,0.2142857142857143,0.0,0.33333333333333337,0.33333333333333337,1.0,1.1390023231506348
930,REINFORCE,A2A,8,34,15.060598850250244,CC(=O)c1ccc(-c2nc3cc(S(=O)(=O)N4CCCCC4)ccc3c(=O)n2CC(=O)Nc2ccc([N+](=O)[O-])c(Cl)c2)cc1,true,1,true,0,0.16857362822917682,0.0,4.641000000000004,624.0750000000004,43.0,597.8670000000002,9.0,1.0,14.0,8.0,4.0,1.0,5.0,161.58,0.0,0.0,C29H26ClN5O7S,1935.6512242906006,2.0,0.0,0.0,0.0,0.0,0.0,1e-06,1e-06,1.0,1.1390023231506348
931,REINFORCE,A2A,8,35,15.060598850250244,Cc1cnn(CCNC2CCN(c3cccc(Cl)c3)CC2)c1,true,1,true,0,0.9193069931930367,0.0,3.1035200000000014,318.8520000000001,22.0,295.66800000000006,4.0,1.0,5.0,5.0,2.0,1.0,3.0,33.09,0.0,0.0,C17H23ClN4,602.2113355657891,4.0,0.0,0.41025641025641024,0.37037037037037035,0.3571428571428571,0.41025641025641024,0.41025641025641024,0.41025641025641024,1.0,1.1390023231506348
932,REINFORCE,A2A,8,36,15.060598850250244,O=C(COC(=O)c1cccnc1Cl)NC1CC1,true,1,true,0,0.6469514570544966,0.0,1.1704,254.67299999999997,17.0,243.58499999999998,4.0,1.0,6.0,4.0,1.0,1.0,2.0,68.29,0.0,0.0,C11H11ClN2O3,446.09761326524466,2.0,0.0,0.38095238095238093,0.2962962962962963,0.38095238095238093,0.23076923076923073,0.38095238095238093,0.38095238095238093,1.0,1.1390023231506348
933,REINFORCE,A2A,8,37,15.060598850250244,CCN(Cc1csc(C(F)(F)C(F)(F)F)n1)c1cc(C)c(C(=O)O)cn1,true,1,true,0,0.7420315257602399,0.0,4.225320000000003,395.35300000000007,26.0,381.24100000000016,5.0,1.0,11.0,6.0,2.0,0.0,2.0,66.32000000000001,0.0,0.0,C15H14F5N3O2S,806.8198112669625,4.0,5.0,0.2222222222222222,0.2222222222222222,0.2142857142857143,0.15384615384615385,0.2222222222222222,0.2222222222222222,1.0,1.1390023231506348
934,REINFORCE,A2A,8,38,15.060598850250244,CCNC(=O)c1c(NC(=O)c2cc(C)c(F)c(F)c2)cccc1OC([O-])F,true,1,true,0,0.7514193502683132,0.0,2.2674200000000004,381.33000000000004,27.0,365.20200000000006,4.0,2.0,9.0,6.0,2.0,0.0,2.0,90.49000000000001,0.0,-1.0,C18H16F3N2O4-,848.6755073822662,2.0,3.0,0.31481481481481477,0.31481481481481477,0.23809523809523814,0.20512820512820518,0.31481481481481477,0.31481481481481477,1.0,1.1390023231506348
935,REINFORCE,A2A,8,39,15.060598850250244,O=C(CCc1ccc(F)cc1F)Nc1nc2ccccc2s1,true,1,true,0,0.7851251785679045,0.0,4.145800000000002,318.348,22.0,306.252,3.0,1.0,6.0,4.0,3.0,0.0,3.0,41.99,0.0,0.0,C16H12F2N2OS,798.8787997855524,3.0,2.0,0.40476190476190477,0.2592592592592593,0.40476190476190477,0.3076923076923077,0.40476190476190477,0.40476190476190477,1.0,1.1390023231506348
936,REINFORCE,A2A,8,40,15.060598850250244,CC(C)N(C)CCNC(=O)c1cccs1,true,1,true,0,0.8303205747603436,0.0,1.8180999999999998,226.34500000000003,15.0,208.201,3.0,1.0,4.0,5.0,1.0,0.0,1.0,32.34,0.0,0.0,C11H18N2OS,295.5463829431139,4.0,0.0,0.47619047619047616,0.2592592592592593,0.47619047619047616,0.23076923076923073,0.47619047619047616,0.47619047619047616,1.0,1.1390023231506348
937,REINFORCE,A2A,8,41,15.060598850250244,COc1cccc(NCc2ccc(C)cc2)c1N1CCOCC1,true,1,true,0,0.9166536930799887,0.0,3.452320000000002,312.4130000000001,23.0,288.221,4.0,1.0,4.0,5.0,2.0,1.0,3.0,33.730000000000004,0.0,0.0,C19H24N2O2,634.3179142894813,3.0,0.0,0.5128205128205128,0.35185185185185186,0.26190476190476186,0.5128205128205128,0.5128205128205128,0.5128205128205128,1.0,1.1390023231506348
938,REINFORCE,A2A,8,42,15.060598850250244,COC(=O)OC1C(NCc2ccccc2)CCN(C)C1C1CCCN1C(=O)OC(C)(C)C,true,1,true,0,0.6931162315743694,0.0,3.400000000000002,447.5760000000003,32.0,410.28000000000026,7.0,1.0,8.0,5.0,1.0,2.0,3.0,80.34000000000002,0.0,0.0,C24H37N3O5,766.6482296089166,3.0,0.0,0.2962962962962963,0.2962962962962963,0.0714285714285714,0.0,0.2962962962962963,0.2962962962962963,1.0,1.1390023231506348
939,REINFORCE,A2A,8,43,15.060598850250244,COc1cc2c(cc1O)C(c1ccc(O)cc1)N(Cc1ccco1)C=C2,true,1,true,0,0.7360427723607186,0.0,4.275300000000002,349.3860000000001,26.0,330.2340000000001,5.0,2.0,5.0,4.0,3.0,1.0,4.0,66.07,0.0,0.0,C21H19NO4,929.3998605626726,2.0,0.0,0.35185185185185186,0.35185185185185186,0.26190476190476186,0.3076923076923077,0.35185185185185186,0.35185185185185186,1.0,1.1390023231506348
940,REINFORCE,A2A,8,44,15.060598850250244,O=C1NC2(CCN(c3ccccn3)CC2)Cc2c1nnn2Cc1ccccc1,true,1,true,0,0.7593453534623034,0.0,2.046499999999999,374.4480000000001,28.0,352.2720000000001,6.0,1.0,7.0,3.0,3.0,2.0,5.0,75.94,0.0,0.0,C21H22N6O,976.6451135643034,2.0,0.0,0.2962962962962963,0.2962962962962963,0.26190476190476186,0.15384615384615385,0.2962962962962963,0.2962962962962963,1.0,1.1390023231506348
941,REINFORCE,A2A,8,45,15.060598850250244,NC(=O)c1ccc2nc(N)nc(N3CCCC3)c2c1,true,1,true,0,0.8328774726323379,0.0,0.9110999999999999,257.2969999999999,19.0,242.17699999999996,5.0,2.0,6.0,2.0,2.0,1.0,3.0,98.13,0.0,0.0,C13H15N5O,648.7687894622404,1.0,0.0,0.3589743589743589,0.33333333333333337,0.33333333333333337,0.3589743589743589,0.3589743589743589,0.3589743589743589,1.0,1.1390023231506348
942,REINFORCE,A2A,8,46,15.060598850250244,COc1ccc(CC(=O)NC2(C(=O)O)CCCc3ccsc3C2)cc1,true,1,true,0,0.8051717299529167,0.0,2.817800000000001,359.447,25.0,338.27900000000005,4.0,2.0,6.0,5.0,2.0,1.0,3.0,75.63,0.0,0.0,C19H21NO4S,767.9862111073174,2.0,0.0,0.38095238095238093,0.33333333333333337,0.38095238095238093,0.2564102564102564,0.38095238095238093,0.38095238095238093,1.0,1.1390023231506348
943,REINFORCE,A2A,8,47,15.060598850250244,Cc1[nH]c2ccccc2c1CCN(C)C(=O)COC(=O)OCc1ccccc1,true,1,true,0,0.6325179912452639,0.0,3.8306200000000032,380.4440000000001,28.0,356.2520000000001,4.0,1.0,6.0,7.0,3.0,0.0,3.0,71.63,0.0,0.0,C22H24N2O4,949.5849737811128,3.0,0.0,0.2962962962962963,0.2962962962962963,0.2142857142857143,0.1282051282051282,0.2962962962962963,0.2962962962962963,1.0,1.1390023231506348
944,REINFORCE,A2A,8,48,15.060598850250244,CCOC(CNC(C)(C)C)COc1ccccc1,true,1,true,0,0.8080401309713279,0.0,2.858600000000001,251.37,18.0,226.16999999999996,3.0,1.0,3.0,7.0,1.0,0.0,1.0,30.49,0.0,0.0,C15H25NO2,319.0155282401807,8.0,0.0,0.4285714285714286,0.2407407407407407,0.4285714285714286,0.28205128205128205,0.4285714285714286,0.4285714285714286,1.0,1.1390023231506348
945,REINFORCE,A2A,8,49,15.060598850250244,COc1ccc(NC(=O)NCCc2ccc3c(c2)OCCO3)cc1,true,1,true,0,0.8854392716587957,0.0,2.8306000000000013,328.3680000000001,24.0,308.208,4.0,2.0,6.0,5.0,2.0,1.0,3.0,68.82000000000001,0.0,0.0,C18H20N2O4,700.664990345068,3.0,0.0,0.40740740740740744,0.40740740740740744,0.38095238095238093,0.3846153846153846,0.40740740740740744,0.40740740740740744,1.0,1.1390023231506348
946,REINFORCE,A2A,8,50,15.060598850250244,COC(=O)C1=C(C)NC(C)=C(C(=O)OC)C1c1cc(OC)ccc1OC,true,1,true,0,0.8057247158900369,0.0,2.2846,361.3940000000001,26.0,338.2100000000001,7.0,1.0,7.0,5.0,1.0,1.0,2.0,83.09,0.0,0.0,C19H23NO6,755.2191261396174,1.0,0.0,0.3571428571428571,0.33333333333333337,0.3571428571428571,0.05128205128205132,0.3571428571428571,0.3571428571428571,1.0,1.1390023231506348
947,REINFORCE,A2A,8,51,15.060598850250244,Cc1cc(O)ncc1C(=O)NCC(=O)C(C)(C)N,true,1,true,0,0.705128928822154,0.0,0.13181999999999972,251.28599999999997,18.0,234.14999999999998,5.0,3.0,6.0,4.0,1.0,0.0,1.0,105.31,0.0,0.0,C12H17N3O3,477.9462464212206,3.0,0.0,0.37037037037037035,0.37037037037037035,0.2857142857142857,0.33333333333333337,0.37037037037037035,0.37037037037037035,1.0,1.1390023231506348
948,REINFORCE,A2A,8,52,15.060598850250244,O=C(CC(=O)Nc1cccnc1)NNC(=O)c1ccccc1,true,1,true,0,0.5757394104889499,0.0,0.8713999999999996,298.302,22.0,284.19000000000005,4.0,3.0,7.0,4.0,2.0,0.0,2.0,100.19,0.0,0.0,C15H14N4O3,659.0024817108599,2.0,0.0,0.5238095238095238,0.33333333333333337,0.5238095238095238,0.20512820512820518,0.5238095238095238,0.5238095238095238,1.0,1.1390023231506348
949,REINFORCE,A2A,8,53,15.060598850250244,N#Cc1cccc(C(=O)N2CCCC(CO)C2)c1,true,1,true,0,0.8549243639996265,0.0,1.40278,244.29399999999993,18.0,228.16599999999994,3.0,1.0,4.0,2.0,1.0,1.0,2.0,64.33,0.0,0.0,C14H16N2O2,478.92749002755846,1.0,0.0,0.35185185185185186,0.35185185185185186,0.33333333333333337,0.28205128205128205,0.35185185185185186,0.35185185185185186,1.0,1.1390023231506348
950,REINFORCE,A2A,8,54,15.060598850250244,CCOc1c(S(=O)(=O)c2ccccc2)c(-c2ccc(NC(=O)C(C)(C)N3CCOCC3)cc2)nc2ccccc12,true,1,true,0,0.31759350916693596,0.0,5.182600000000004,559.6880000000004,40.0,526.4240000000003,7.0,1.0,9.0,8.0,4.0,1.0,5.0,97.83,0.0,0.0,C31H33N3O5S,1614.6223249379711,2.0,0.0,0.2777777777777778,0.2777777777777778,0.0,0.0,0.2777777777777778,0.2777777777777778,1.0,1.1390023231506348
951,REINFORCE,A2A,8,55,15.060598850250244,Cc1cc(S(=O)(=O)N2C(=O)COc3ccc(C(=O)N4CCCCCC4)cc32)c(C)n1C,true,1,true,0,0.7248762386074317,0.0,2.7724400000000013,445.54100000000034,31.0,418.3250000000002,6.0,0.0,9.0,3.0,2.0,2.0,4.0,88.91999999999999,0.0,0.0,C22H27N3O5S,1144.1364853439422,2.0,0.0,0.35185185185185186,0.35185185185185186,0.2142857142857143,0.07692307692307687,0.35185185185185186,0.35185185185185186,1.0,1.1390023231506348
952,REINFORCE,A2A,8,56,15.060598850250244,O=c1[nH]c(-c2ccccc2)cn1-c1cccc(CO)c1,true,1,true,0,0.7640438709309857,0.0,2.3249000000000004,266.29999999999995,20.0,252.18799999999993,3.0,2.0,4.0,3.0,3.0,0.0,3.0,58.019999999999996,0.0,0.0,C16H14N2O2,772.4258991479138,1.0,0.0,0.41025641025641024,0.38888888888888884,0.23809523809523814,0.41025641025641024,0.41025641025641024,0.41025641025641024,1.0,1.1390023231506348
953,REINFORCE,A2A,8,57,15.060598850250244,CNC(=O)c1cc(Nc2ncc(C(F)(F)F)c(C(O)Cc3ccc4ccccc4c3)n2)cnc1N,true,1,true,0,0.32720900583417284,0.0,4.005100000000001,482.4660000000002,35.0,461.2980000000003,7.0,4.0,11.0,6.0,4.0,0.0,4.0,126.05,0.0,0.0,C24H21F3N6O2,1393.5532442158417,3.0,3.0,0.2222222222222222,0.2222222222222222,0.11904761904761907,0.10256410256410253,0.2222222222222222,0.2222222222222222,1.0,1.1390023231506348
954,REINFORCE,A2A,8,58,15.060598850250244,Cc1cc(C)c(S(=O)(=O)Nc2cc(N)c(O)c(O)c2)cc1Cl,true,1,true,0,0.388971302859496,0.0,2.7510400000000006,342.804,22.0,327.6840000000001,5.0,4.0,8.0,3.0,2.0,0.0,2.0,112.65,0.0,0.0,C14H15ClN2O4S,827.1567215510282,3.0,0.0,0.4285714285714286,0.31481481481481477,0.4285714285714286,0.41025641025641024,0.4285714285714286,0.4285714285714286,1.0,1.1390023231506348
955,REINFORCE,A2A,8,59,15.060598850250244,O=C(NO)c1ccc([N+](=O)[O-])cc1,true,1,true,0,0.3999283789827859,0.0,0.7138000000000002,182.135,13.0,176.087,4.0,2.0,6.0,2.0,1.0,0.0,1.0,92.47,0.0,0.0,C7H6N2O4,332.850708285294,1.0,0.0,0.3571428571428571,0.2962962962962963,0.3571428571428571,0.17948717948717952,0.3571428571428571,0.3571428571428571,1.0,1.1390023231506348
956,REINFORCE,A2A,8,60,15.060598850250244,N#CC(c1cccc(O)c1)c1nc2ccccc2c(=O)[nH]1,true,1,true,0,0.7515805016841784,0.0,2.2841799999999997,277.28299999999996,21.0,266.19499999999994,4.0,2.0,5.0,2.0,3.0,0.0,3.0,89.76999999999998,0.0,0.0,C16H11N3O2,909.0294188938556,3.0,0.0,0.3846153846153846,0.2777777777777778,0.26190476190476186,0.3846153846153846,0.3846153846153846,0.3846153846153846,1.0,1.1390023231506348
957,REINFORCE,A2A,8,61,15.060598850250244,CC(=O)Nc1nnc(-c2ccc3[nH]ccc3c2)s1,true,1,true,0,0.7419536040669252,0.0,2.6448,258.30600000000004,18.0,248.226,4.0,2.0,6.0,2.0,3.0,0.0,3.0,70.67,0.0,0.0,C12H10N4OS,715.5219895499612,1.0,0.0,0.41025641025641024,0.38888888888888884,0.3571428571428571,0.41025641025641024,0.41025641025641024,0.41025641025641024,1.0,1.1390023231506348
958,REINFORCE,A2A,8,62,15.060598850250244,N#Cc1nc(-c2ccccc2)c(-c2ccccn2)nc1N,true,1,true,0,0.7749709568705518,0.0,2.6594800000000003,273.29900000000004,21.0,262.21099999999996,5.0,1.0,5.0,2.0,3.0,0.0,3.0,88.48,0.0,0.0,C16H11N5,807.3210464882528,1.0,0.0,0.46153846153846156,0.31481481481481477,0.33333333333333337,0.46153846153846156,0.46153846153846156,0.46153846153846156,1.0,1.1390023231506348
959,REINFORCE,A2A,8,63,15.060598850250244,CCOC(=O)c1nc(-c2ccc(OC)cc2)oc1NC(=O)c1ccc(Br)cc1,true,1,true,0,0.5606180044144167,0.0,4.541700000000003,445.26900000000006,28.0,428.13300000000015,6.0,1.0,8.0,6.0,3.0,0.0,3.0,90.66,0.0,0.0,C20H17BrN2O5,980.8355770704733,1.0,0.0,0.4444444444444444,0.4444444444444444,0.33333333333333337,0.28205128205128205,0.4444444444444444,0.4444444444444444,1.0,1.1390023231506348
960,REINFORCE,A2A,8,64,15.060598850250244,Cc1cc(Nc2c(Cl)c(=O)oc3c(Cl)cccc23)no1,true,1,true,0,0.7203632643398548,0.0,4.139820000000002,311.124,20.0,303.06000000000006,5.0,1.0,7.0,2.0,3.0,0.0,3.0,68.27000000000001,0.0,0.0,C13H8Cl2N2O3,854.433820706581,2.0,0.0,0.4871794871794872,0.2962962962962963,0.33333333333333337,0.4871794871794872,0.4871794871794872,0.4871794871794872,1.0,1.1390023231506348
961,REINFORCE,A2A,8,65,15.060598850250244,CC(C)n1cc(C2Cc3ccccc3C23CCN(C(=O)c2ccc(S(C)(=O)=O)cc2)CC3)cn1,true,1,true,0,0.5590379578729808,0.0,4.381400000000005,477.6300000000002,34.0,446.38200000000023,5.0,0.0,7.0,4.0,3.0,2.0,5.0,72.27000000000001,0.0,0.0,C27H31N3O3S,1317.1599701920188,1.0,0.0,0.2407407407407407,0.2407407407407407,0.09523809523809523,0.0,0.2407407407407407,0.2407407407407407,1.0,1.1390023231506348
962,REINFORCE,A2A,8,66,15.060598850250244,O=C(NC1CCOc2ccncc21)c1ccncc1,true,1,true,0,0.8872180339523512,0.0,1.7302000000000002,255.27700000000004,19.0,242.17299999999994,4.0,1.0,5.0,2.0,2.0,1.0,3.0,64.11,0.0,0.0,C14H13N3O2,586.254765090703,1.0,0.0,0.38095238095238093,0.2592592592592593,0.38095238095238093,0.28205128205128205,0.38095238095238093,0.38095238095238093,1.0,1.1390023231506348
963,REINFORCE,A2A,8,67,15.060598850250244,O=C(Cn1cc(C(=O)Nc2ccc3c(c2)OCCO3)cc(C(=O)O)c1=O)Nc1ccc(F)cc1,true,1,true,0,0.5063005106945548,0.0,2.3478000000000003,467.40900000000016,34.0,449.26500000000027,7.0,3.0,11.0,6.0,3.0,1.0,4.0,135.96,0.0,0.0,C23H18FN3O7,1335.380686294833,2.0,1.0,0.2962962962962963,0.2962962962962963,0.23809523809523814,0.0,0.2962962962962963,0.2962962962962963,1.0,1.1390023231506348
964,REINFORCE,A2A,8,68,15.060598850250244,FC(F)(F)c1cccc(-c2nn3c(-c4ccncc4)c(-c4ccccc4)nc3s2)c1,true,1,true,0,0.3473959957248653,0.0,6.205600000000004,422.4350000000001,30.0,409.3310000000002,5.0,0.0,8.0,3.0,5.0,0.0,5.0,43.08,0.0,0.0,C22H13F3N4S,1325.283452095602,1.0,3.0,0.2777777777777778,0.2777777777777778,0.1428571428571429,0.23076923076923073,0.2777777777777778,0.2777777777777778,1.0,1.1390023231506348
965,REINFORCE,A2A,8,69,15.060598850250244,NS(=O)(=O)Oc1ccc(C(c2ccccc2)n2nnc3ccccc32)cc1,true,1,true,0,0.5736370528420295,0.0,2.651300000000001,380.4290000000001,27.0,364.30100000000016,6.0,1.0,8.0,5.0,4.0,0.0,4.0,100.1,0.0,0.0,C19H16N4O3S,1172.5515864849162,3.0,0.0,0.30952380952380953,0.2777777777777778,0.30952380952380953,0.17948717948717952,0.30952380952380953,0.30952380952380953,1.0,1.1390023231506348
966,REINFORCE,A2A,8,70,15.060598850250244,Cc1cc(F)c(C=C2SC(=O)N(C)C2=O)c(C)c1N1CCN(c2ccccn2)CC1,true,1,true,0,0.6956323464641053,0.0,3.8302400000000025,426.5170000000002,30.0,403.3330000000002,6.0,0.0,8.0,3.0,2.0,2.0,4.0,56.75000000000001,0.0,0.0,C22H23FN4O2S,1033.1782077962334,1.0,1.0,0.26190476190476186,0.2407407407407407,0.26190476190476186,0.15384615384615385,0.26190476190476186,0.26190476190476186,1.0,1.1390023231506348
967,REINFORCE,A2A,8,71,15.060598850250244,Cc1cccc(CN2CCN(Cc3ccccc3)CC2)c1,true,1,true,0,0.8475340109861671,0.0,3.312820000000002,280.415,21.0,256.22299999999996,2.0,0.0,2.0,4.0,2.0,1.0,3.0,6.48,0.0,0.0,C19H24N2,556.7888536791908,2.0,0.0,0.4358974358974359,0.33333333333333337,0.26190476190476186,0.4358974358974359,0.4358974358974359,0.4358974358974359,1.0,1.1390023231506348
968,REINFORCE,A2A,8,72,15.060598850250244,CCn1c(CNC2CCCCCC2)nc2sc3ncccc3c21,true,1,true,0,0.7181704543567347,0.0,4.4783000000000035,328.485,23.0,304.29300000000006,5.0,1.0,5.0,4.0,3.0,1.0,4.0,42.74,0.0,0.0,C18H24N4S,795.9171715008926,3.0,0.0,0.30952380952380953,0.2962962962962963,0.30952380952380953,0.3076923076923077,0.30952380952380953,0.30952380952380953,1.0,1.1390023231506348
969,REINFORCE,A2A,8,73,15.060598850250244,CC1(C)C=Cc2c(c(Cl)c3c4c(c(CC(=O)O)nc3c2Cl)CCC4)O1,true,1,true,0,0.8124129062240071,0.0,4.841600000000003,378.2550000000001,25.0,361.1190000000001,3.0,1.0,6.0,2.0,2.0,2.0,4.0,59.42,0.0,0.0,C19H17Cl2NO3,963.5211476424931,2.0,0.0,0.42592592592592593,0.42592592592592593,0.26190476190476186,0.17948717948717952,0.42592592592592593,0.42592592592592593,1.0,1.1390023231506348
970,REINFORCE,A2A,8,74,15.060598850250244,CCOCC(=O)N(c1ccc(Cl)cc1)n1nc(-c2cccc(O)c2)c2cccnc21,true,1,true,0,0.5010014619676426,0.0,4.290100000000003,422.8720000000001,30.0,403.72000000000025,6.0,1.0,8.0,6.0,4.0,0.0,4.0,80.48,0.0,0.0,C22H19ClN4O3,1190.6946059587933,3.0,0.0,0.2592592592592593,0.2592592592592593,0.23809523809523814,0.23076923076923073,0.2592592592592593,0.2592592592592593,1.0,1.1390023231506348
971,REINFORCE,A2A,8,75,15.060598850250244,CC(C)n1cc(C(=O)N(C)Cc2cccc(F)c2)c2ccccc21,true,1,true,0,0.6864959472331983,0.0,4.633500000000004,324.39900000000006,24.0,303.23100000000005,2.0,0.0,4.0,4.0,3.0,0.0,3.0,25.240000000000002,0.0,0.0,C20H21FN2O,882.2311630716783,2.0,1.0,0.45238095238095233,0.31481481481481477,0.45238095238095233,0.4358974358974359,0.45238095238095233,0.45238095238095233,1.0,1.1390023231506348
972,REINFORCE,A2A,8,76,15.060598850250244,CC1CN(c2ccc(C(F)(F)F)cc2C(=O)NN=Cc2ccccc2O)CC(C)N1,true,1,true,0,0.5237646485446138,0.0,3.3615000000000013,420.43500000000006,30.0,397.2510000000002,5.0,3.0,9.0,4.0,2.0,1.0,3.0,76.96000000000001,0.0,0.0,C21H23F3N4O2,936.088985612382,1.0,3.0,0.38888888888888884,0.38888888888888884,0.2857142857142857,0.17948717948717952,0.38888888888888884,0.38888888888888884,1.0,1.1390023231506348
973,REINFORCE,A2A,8,77,15.060598850250244,COc1cc(C#N)c(C)c(OC(C)C)n1,true,1,true,0,0.7591246730462222,0.0,2.0575,206.245,15.0,192.13299999999998,4.0,0.0,4.0,3.0,1.0,0.0,1.0,55.14,0.0,0.0,C11H14N2O2,394.3097743787963,2.0,0.0,0.3846153846153846,0.2962962962962963,0.2857142857142857,0.3846153846153846,0.3846153846153846,0.3846153846153846,1.0,1.1390023231506348
974,REINFORCE,A2A,8,78,15.060598850250244,CCCCCOc1ccc(C)cc1O,true,1,true,0,0.728826039352851,0.0,3.269620000000003,194.27399999999997,14.0,176.12999999999997,2.0,1.0,2.0,5.0,1.0,0.0,1.0,29.46,0.0,0.0,C12H18O2,281.65026016439094,5.0,0.0,0.40476190476190477,0.2777777777777778,0.40476190476190477,0.23076923076923073,0.40476190476190477,0.40476190476190477,1.0,1.1390023231506348
975,REINFORCE,A2A,8,79,15.060598850250244,Cc1cc(O)cc2c1COC1c3cc4c(cc3C(c3ccc5c(c3)OC(N)=C(C=O)C5)C1O2)OCO4,true,1,true,0,0.5263693859993922,0.0,3.897820000000003,485.4920000000003,36.0,462.3080000000003,8.0,2.0,8.0,2.0,3.0,4.0,7.0,109.47000000000001,0.0,0.0,C28H23NO7,1477.2053453202893,1.0,0.0,0.18518518518518523,0.18518518518518523,0.0,0.0,0.18518518518518523,0.18518518518518523,1.0,1.1390023231506348
976,REINFORCE,A2A,8,80,15.060598850250244,C[n+]1c(-c2ccccc2)nc2ccccc2c1NCCCN1CCOCC1,true,1,true,0,0.5401153338055682,0.0,2.860500000000001,363.48500000000024,27.0,336.26900000000006,4.0,1.0,5.0,6.0,3.0,1.0,4.0,41.269999999999996,0.0,1.0,C22H27N4O+,891.4582953616755,5.0,0.0,0.3589743589743589,0.2777777777777778,0.1428571428571429,0.3589743589743589,0.3589743589743589,0.3589743589743589,1.0,1.1390023231506348
977,REINFORCE,A2A,8,81,15.060598850250244,COc1ccc(COCc2cc(C)nc3c2c(C(=O)O)cn3C2CC2)cc1,true,1,true,0,0.6812994040163846,0.0,4.103220000000003,366.4170000000001,27.0,344.2410000000001,5.0,1.0,6.0,7.0,3.0,1.0,4.0,73.58000000000001,0.0,0.0,C21H22N2O4,987.5794088200295,4.0,0.0,0.42592592592592593,0.42592592592592593,0.33333333333333337,0.3846153846153846,0.42592592592592593,0.42592592592592593,1.0,1.1390023231506348
978,REINFORCE,A2A,8,82,15.060598850250244,c12ccccc1CCOC2(CNC(c1ccccc1)c1ccccc1)=O,false,0,true,0,0.0,0.0,0.0,0.0,0.0,0.0,0.0,0.0,0.0,0.0,0.0,0.0,0.0,0.0,0.0,0.0,0.0,0.0,0.0,0.0,0.0,0.0,0.0,0.0,1e-06,1e-06,1.0,1.1390023231506348
979,REINFORCE,A2A,8,83,15.060598850250244,O=C1c2cc(S(=O)(=O)N3CCCC3)ccc2SCN1Cc1ccc2occc2c1,true,1,true,0,0.6298550272826795,0.0,3.922900000000003,428.53500000000014,29.0,408.3750000000002,5.0,0.0,8.0,4.0,3.0,2.0,5.0,70.83000000000001,0.0,0.0,C21H20N2O4S2,1196.3664043891283,2.0,0.0,0.2592592592592593,0.2592592592592593,0.2142857142857143,0.10256410256410253,0.2592592592592593,0.2592592592592593,1.0,1.1390023231506348
980,REINFORCE,A2A,8,84,15.060598850250244,O=C(Nc1cccc(F)c1F)c1cc(-c2cccnc2-n2ccnc2)ccc1O,true,1,true,0,0.5463190425420237,0.0,4.170400000000003,392.36500000000007,29.0,378.25300000000016,5.0,2.0,8.0,4.0,4.0,0.0,4.0,80.04,0.0,0.0,C21H14F2N4O2,1193.2726975251135,1.0,2.0,0.30952380952380953,0.2777777777777778,0.30952380952380953,0.28205128205128205,0.30952380952380953,0.30952380952380953,1.0,1.1390023231506348
981,REINFORCE,A2A,8,85,15.060598850250244,Cc1ccc(-c2ccn(CCO)n2)cc1,true,1,true,0,0.82445144854554,0.0,1.8508199999999995,202.257,15.0,188.14499999999998,3.0,1.0,3.0,3.0,2.0,0.0,2.0,38.05,0.0,0.0,C12H14N2O,431.1376985149667,2.0,0.0,0.4358974358974359,0.35185185185185186,0.3571428571428571,0.4358974358974359,0.4358974358974359,0.4358974358974359,1.0,1.1390023231506348
982,REINFORCE,A2A,8,86,15.060598850250244,c1ccc(-c2ccco2)cc1,true,1,true,0,0.5993231935996743,0.0,2.946600000000001,144.17299999999997,11.0,136.10899999999998,1.0,0.0,1.0,1.0,2.0,0.0,2.0,13.14,0.0,0.0,C10H8O,307.86353925072353,1.0,0.0,0.4358974358974359,0.2592592592592593,0.3571428571428571,0.4358974358974359,0.4358974358974359,0.4358974358974359,1.0,1.1390023231506348
983,REINFORCE,A2A,8,87,15.060598850250244,COc1ccccc1C(=O)C=Cc1ccco1,true,1,true,0,0.5955952710715594,0.0,3.1843000000000012,228.24699999999999,17.0,216.15099999999995,3.0,0.0,3.0,4.0,2.0,0.0,2.0,39.44,0.0,0.0,C14H12O3,524.1601676708024,2.0,0.0,0.3571428571428571,0.33333333333333337,0.3571428571428571,0.28205128205128205,0.3571428571428571,0.3571428571428571,1.0,1.1390023231506348
984,REINFORCE,A2A,8,88,15.060598850250244,Cc1cc(C(=O)NN=C(CCO)c2cccc([N+](=O)[O-])c2)n[nH]1,true,1,true,0,0.4171477330436801,0.0,1.1428199999999997,317.305,23.0,302.185,6.0,3.0,9.0,6.0,2.0,0.0,2.0,133.51000000000002,0.0,0.0,C14H15N5O4,753.1308301860234,3.0,0.0,0.31481481481481477,0.31481481481481477,0.2142857142857143,0.15384615384615385,0.31481481481481477,0.31481481481481477,1.0,1.1390023231506348
985,REINFORCE,A2A,8,89,15.060598850250244,O=C(COC(=O)c1ccccc1)NC1CCCCC1,true,1,true,0,0.8460040779127569,0.0,2.2923,261.32099999999997,19.0,242.16899999999995,3.0,1.0,4.0,4.0,1.0,1.0,2.0,55.400000000000006,0.0,0.0,C15H19NO3,424.2766440924629,2.0,0.0,0.38095238095238093,0.31481481481481477,0.38095238095238093,0.2564102564102564,0.38095238095238093,0.38095238095238093,1.0,1.1390023231506348
986,REINFORCE,A2A,8,90,15.060598850250244,CCOC(c1nc(OC)c(Cl)c(C(F)(F)F)n1)c1cccs1,true,1,true,0,0.8023407834876625,0.0,4.344800000000002,352.765,22.0,340.66900000000004,5.0,0.0,9.0,5.0,2.0,0.0,2.0,44.24,0.0,0.0,C13H12ClF3N2O2S,634.9557067729423,4.0,3.0,0.33333333333333337,0.2777777777777778,0.33333333333333337,0.28205128205128205,0.33333333333333337,0.33333333333333337,1.0,1.1390023231506348
987,REINFORCE,A2A,8,91,15.060598850250244,Cc1cccc2c1C(=NOCCN(C)C1CCCC1)CCC2,true,1,true,0,0.6078559646044878,0.0,3.926420000000003,300.4460000000001,22.0,272.222,3.0,0.0,3.0,5.0,1.0,2.0,3.0,24.83,0.0,0.0,C19H28N2O,532.2367627925952,5.0,0.0,0.31481481481481477,0.31481481481481477,0.19047619047619047,0.2564102564102564,0.31481481481481477,0.31481481481481477,1.0,1.1390023231506348
988,REINFORCE,A2A,8,92,15.060598850250244,Cc1cc(-c2ccc(F)cc2)cc(CN2CCC(F)(F)C2)n1,true,1,true,0,0.8506537092459407,0.0,4.037120000000003,306.331,22.0,289.195,2.0,0.0,5.0,3.0,2.0,1.0,3.0,16.130000000000003,0.0,0.0,C17H17F3N2,668.1043098372415,2.0,3.0,0.5128205128205128,0.2962962962962963,0.26190476190476186,0.5128205128205128,0.5128205128205128,0.5128205128205128,1.0,1.1390023231506348
989,REINFORCE,A2A,8,93,15.060598850250244,O=C(NCC1CCOC1)c1cc(Cl)cc(F)c1F,true,1,true,0,0.8604094393799097,0.0,2.3845,275.68199999999996,18.0,263.58599999999996,2.0,1.0,6.0,3.0,1.0,1.0,2.0,38.33,0.0,0.0,C12H12ClF2NO2,461.6357868853043,2.0,2.0,0.4285714285714286,0.2592592592592593,0.4285714285714286,0.2564102564102564,0.4285714285714286,0.4285714285714286,1.0,1.1390023231506348
990,REINFORCE,A2A,8,94,15.060598850250244,O=C(Nc1ccc(F)cc1Cl)c1cc(Cn2ccnc2)ccc1F,true,1,true,0,0.7715121202845561,0.0,4.115300000000001,347.752,24.0,335.65600000000006,3.0,1.0,7.0,4.0,3.0,0.0,3.0,46.92,0.0,0.0,C17H12ClF2N3O,881.5470975105138,2.0,2.0,0.38095238095238093,0.2962962962962963,0.38095238095238093,0.3076923076923077,0.38095238095238093,0.38095238095238093,1.0,1.1390023231506348
991,REINFORCE,A2A,8,95,15.060598850250244,Cc1nc(Nc2cccc(F)c2)c2nnn(Cc3ccccc3)c2n1,true,1,true,0,0.6188564994378365,0.0,3.460720000000002,334.358,25.0,319.23800000000006,6.0,1.0,7.0,4.0,4.0,0.0,4.0,68.52000000000001,0.0,0.0,C18H15FN6,1028.363057470708,2.0,1.0,0.4871794871794872,0.33333333333333337,0.26190476190476186,0.4871794871794872,0.4871794871794872,0.4871794871794872,1.0,1.1390023231506348
992,REINFORCE,A2A,8,96,15.060598850250244,O=C(Nc1cccc(NC(=O)c2ccc(O)c(O)c2O)c1)c1ccc([N+](=O)[O-])cc1,true,1,true,0,0.24536108032162965,0.0,3.2162000000000015,409.3540000000001,30.0,394.23400000000015,7.0,5.0,10.0,5.0,3.0,0.0,3.0,162.03000000000003,0.0,0.0,C20H15N3O7,1143.6370838708995,1.0,0.0,0.18518518518518523,0.18518518518518523,0.0714285714285714,0.0,0.18518518518518523,0.18518518518518523,1.0,1.1390023231506348
993,REINFORCE,A2A,8,97,15.060598850250244,CC(C)(Oc1ccc(Cl)c(Cl)c1)C(=O)NC1CN2CCC1CC2,true,1,true,0,0.8985599779795358,0.0,3.361200000000003,357.28100000000023,23.0,335.10500000000013,3.0,1.0,6.0,4.0,1.0,3.0,4.0,41.57,0.0,0.0,C17H22Cl2N2O2,598.2562054440795,3.0,0.0,0.3571428571428571,0.33333333333333337,0.3571428571428571,0.17948717948717952,0.3571428571428571,0.3571428571428571,1.0,1.1390023231506348
994,REINFORCE,A2A,8,98,15.060598850250244,CC(=O)N1CCCc2ccc(S(=O)(=O)CC(C)NS(=O)(=O)c3ccc(Cl)cc3)cc21,true,1,true,0,0.6991382986226355,0.0,2.7798000000000016,471.00000000000017,30.0,447.81600000000026,5.0,1.0,10.0,6.0,2.0,1.0,3.0,100.62,0.0,0.0,C20H23ClN2O5S2,1162.1830356920545,6.0,0.0,0.2592592592592593,0.2592592592592593,0.1428571428571429,0.0,0.2592592592592593,0.2592592592592593,1.0,1.1390023231506348
995,REINFORCE,A2A,8,99,15.060598850250244,Cc1cccc2c(=O)nc(N)sc12,true,1,true,0,0.6885536937669317,0.0,1.5471199999999998,192.243,13.0,184.17899999999997,4.0,1.0,4.0,0.0,2.0,0.0,2.0,55.980000000000004,0.0,0.0,C9H8N2OS,518.4938955031992,0.0,0.0,0.3589743589743589,0.2962962962962963,0.3571428571428571,0.3589743589743589,0.3589743589743589,0.3589743589743589,1.0,1.1390023231506348
996,REINFORCE,A2A,8,100,15.060598850250244,Cc1noc(Cn2c(=O)n(CC(=O)NCCCN3CCOCC3)c3ccccc32)n1,true,1,true,0,0.5311544778812896,0.0,0.3812200000000012,414.46600000000024,30.0,388.2580000000002,9.0,1.0,10.0,8.0,3.0,1.0,4.0,107.42,0.0,0.0,C20H26N6O4,1062.8664250372856,4.0,0.0,0.33333333333333337,0.33333333333333337,0.23809523809523814,0.17948717948717952,0.33333333333333337,0.33333333333333337,1.0,1.1390023231506348
997,REINFORCE,A2A,8,101,15.060598850250244,COc1ccc(Br)cc1NC(=O)Cn1cnc2ccncc2c1=O,true,1,true,0,0.7396216005120053,0.0,2.2013,389.2090000000001,24.0,376.10500000000013,6.0,1.0,8.0,4.0,3.0,0.0,3.0,86.10999999999999,0.0,0.0,C16H13BrN4O3,970.9389055836126,2.0,0.0,0.40740740740740744,0.40740740740740744,0.30952380952380953,0.3076923076923077,0.40740740740740744,0.40740740740740744,1.0,1.1390023231506348
998,REINFORCE,A2A,8,102,15.060598850250244,COc1ccc(-c2cccc3nc(-c4ccc(C)cc4)cn23)cc1,true,1,true,0,0.5326294775118197,0.0,4.985320000000004,314.388,24.0,296.244,3.0,0.0,3.0,3.0,4.0,0.0,4.0,26.53,0.0,0.0,C21H18N2O,982.7155040070601,1.0,0.0,0.5641025641025641,0.37037037037037035,0.2857142857142857,0.5641025641025641,0.5641025641025641,0.5641025641025641,1.0,1.1390023231506348
999,REINFORCE,A2A,8,103,15.060598850250244,CC(C)(O)c1ccc(O)c(NC(=O)C=Cc2ccc([N+](=O)[O-])cc2)c1,true,1,true,0,0.33421379049856836,0.0,3.1797000000000013,342.35100000000006,25.0,324.20700000000005,5.0,3.0,7.0,5.0,2.0,0.0,2.0,112.70000000000002,0.0,0.0,C18H18N2O5,820.3503361248678,1.0,0.0,0.2857142857142857,0.2777777777777778,0.2857142857142857,0.10256410256410253,0.2857142857142857,0.2857142857142857,1.0,1.1390023231506348
1000,REINFORCE,A2A,8,104,15.060598850250244,CC(NCCOc1ccc2cccnc2c1)c1ccc(OC(F)F)cc1,true,1,true,0,0.5994048731720947,0.0,4.565800000000004,358.38800000000003,26.0,338.228,4.0,1.0,6.0,8.0,3.0,0.0,3.0,43.379999999999995,0.0,0.0,C20H20F2N2O2,840.5937222834751,6.0,2.0,0.31481481481481477,0.31481481481481477,0.30952380952380953,0.28205128205128205,0.31481481481481477,0.31481481481481477,1.0,1.1390023231506348
1001,REINFORCE,A2A,8,105,15.060598850250244,Cn1nccc1C(=O)NCc1cc(-c2ccc3c(c2)OCO3)no1,true,1,true,0,0.784968235607765,0.0,1.7338,326.31200000000007,24.0,312.2,7.0,1.0,8.0,4.0,3.0,1.0,4.0,91.41000000000001,0.0,0.0,C16H14N4O4,899.1269105589981,2.0,0.0,0.3589743589743589,0.33333333333333337,0.33333333333333337,0.3589743589743589,0.3589743589743589,0.3589743589743589,1.0,1.1390023231506348
1002,REINFORCE,A2A,8,106,15.060598850250244,CCOc1cccc(-c2cc(NCc3ccc(OC)c(OC)c3)ncn2)c1,true,1,true,0,0.6462043928288904,0.0,4.171600000000002,365.43300000000005,27.0,342.2490000000001,6.0,1.0,6.0,8.0,3.0,0.0,3.0,65.5,0.0,0.0,C21H23N3O3,899.3452391612208,3.0,0.0,0.4814814814814815,0.4814814814814815,0.2857142857142857,0.3846153846153846,0.4814814814814815,0.4814814814814815,1.0,1.1390023231506348
1003,REINFORCE,A2A,8,107,15.060598850250244,O=C1COc2ccc([N+](=O)[O-])cc2CN1c1cccc(F)c1,true,1,true,0,0.6312507704701985,0.0,2.6595000000000013,302.26099999999997,22.0,291.173,4.0,0.0,7.0,2.0,2.0,1.0,3.0,72.67999999999999,0.0,0.0,C15H11FN2O4,762.9577088224875,1.0,1.0,0.31481481481481477,0.31481481481481477,0.26190476190476186,0.23076923076923073,0.31481481481481477,0.31481481481481477,1.0,1.1390023231506348
1004,REINFORCE,A2A,8,108,15.060598850250244,COc1ccc(C=C2SC(=Nc3ccc([N+](=O)[O-])cc3)N(C)C2=O)cc1OC,true,1,true,0,0.43063580485298214,0.0,3.845800000000003,399.42800000000017,28.0,382.29200000000014,7.0,0.0,9.0,5.0,2.0,1.0,3.0,94.27,0.0,0.0,C19H17N3O5S,985.563660659033,1.0,0.0,0.35185185185185186,0.35185185185185186,0.16666666666666663,0.07692307692307687,0.35185185185185186,0.35185185185185186,1.0,1.1390023231506348
1005,REINFORCE,A2A,8,109,15.060598850250244,CN1CCOC(CC(=O)C=Cc2ccc(NC(=O)C3CCCCC3)cc2)C1,true,1,true,0,0.7787635657933769,0.0,3.5084000000000017,370.4930000000003,27.0,340.2530000000001,4.0,1.0,5.0,6.0,1.0,2.0,3.0,58.64,0.0,0.0,C22H30N2O3,662.6403925171961,3.0,0.0,0.4285714285714286,0.37037037037037035,0.4285714285714286,0.15384615384615385,0.4285714285714286,0.4285714285714286,1.0,1.1390023231506348
1006,REINFORCE,A2A,8,110,15.060598850250244,CON=C1C=C(Oc2ccc(F)cc2)CC(c2nccs2)C1,true,1,true,0,0.796351775666791,0.0,4.124900000000003,318.373,22.0,303.253,5.0,0.0,6.0,4.0,2.0,1.0,3.0,43.71,0.0,0.0,C16H15FN2O2S,680.6811858858833,2.0,1.0,0.5,0.2962962962962963,0.5,0.3589743589743589,0.5,0.5,1.0,1.1390023231506348
1007,REINFORCE,A2A,8,111,15.060598850250244,COCC(=O)C1(O)c2ccccc2-c2cc(N)ccc21,true,1,true,0,0.8318300236542433,0.0,1.7006000000000001,269.3,20.0,254.17999999999995,4.0,2.0,4.0,3.0,2.0,1.0,3.0,72.55,0.0,0.0,C16H15NO3,695.8713823028047,3.0,0.0,0.40476190476190477,0.33333333333333337,0.40476190476190477,0.3589743589743589,0.40476190476190477,0.40476190476190477,1.0,1.1390023231506348
1008,REINFORCE,A2A,8,112,15.060598850250244,Cc1ccccc1-c1nnc(CN(c2ccccc2Br)C(C)C)o1,true,1,true,0,0.6028460212835217,0.0,5.222520000000004,386.29300000000006,24.0,366.1330000000001,4.0,0.0,5.0,5.0,3.0,0.0,3.0,42.160000000000004,0.0,0.0,C19H20BrN3O,828.7390397890689,4.0,0.0,0.46153846153846156,0.33333333333333337,0.1428571428571429,0.46153846153846156,0.46153846153846156,0.46153846153846156,1.0,1.1390023231506348
1009,REINFORCE,A2A,8,113,15.060598850250244,O=C(NC(CO)C1CCCCC1)c1ccccc1,true,1,true,0,0.8577692027732047,0.0,2.3575999999999997,247.33799999999997,18.0,226.16999999999993,2.0,2.0,3.0,4.0,1.0,1.0,2.0,49.33,0.0,0.0,C15H21NO2,371.33980826261995,3.0,0.0,0.3571428571428571,0.2407407407407407,0.3571428571428571,0.20512820512820518,0.3571428571428571,0.3571428571428571,1.0,1.1390023231506348
1010,REINFORCE,A2A,8,114,15.060598850250244,Oc1cccc(C=CCc2ccc(O)c(O)c2)c1,true,1,true,0,0.7247926032475273,0.0,3.059300000000002,242.274,18.0,228.16199999999995,3.0,3.0,3.0,3.0,2.0,0.0,2.0,60.69,0.0,0.0,C15H14O3,573.7014391416083,2.0,0.0,0.4871794871794872,0.31481481481481477,0.3571428571428571,0.4871794871794872,0.4871794871794872,0.4871794871794872,1.0,1.1390023231506348
1011,REINFORCE,A2A,8,115,15.060598850250244,CC(=O)NC1CCCN(Cc2cccc(F)c2)C1,true,1,true,0,0.8886697067138406,0.0,1.9262000000000001,250.31699999999998,18.0,231.16499999999996,2.0,1.0,4.0,3.0,1.0,1.0,2.0,32.34,0.0,0.0,C14H19FN2O,422.00994791184064,2.0,1.0,0.41025641025641024,0.31481481481481477,0.38095238095238093,0.41025641025641024,0.41025641025641024,0.41025641025641024,1.0,1.1390023231506348
1012,REINFORCE,A2A,8,116,15.060598850250244,CN(CC(=O)N1CC2CCCCC2C1)c1cccc(F)c1,true,1,true,0,0.8543271333791764,0.0,2.9105000000000008,290.38199999999995,21.0,267.1979999999999,2.0,0.0,4.0,3.0,1.0,2.0,3.0,23.550000000000004,0.0,0.0,C17H23FN2O,505.2665014261715,3.0,1.0,0.40476190476190477,0.2777777777777778,0.40476190476190477,0.28205128205128205,0.40476190476190477,0.40476190476190477,1.0,1.1390023231506348
1013,REINFORCE,A2A,8,117,15.060598850250244,Cc1cncc(C(=O)NCc2ccccc2)c1,true,1,true,0,0.8722720699617905,0.0,2.3200200000000004,226.279,17.0,212.16699999999997,2.0,1.0,3.0,3.0,2.0,0.0,2.0,41.99,0.0,0.0,C14H14N2O,508.64047628592266,2.0,0.0,0.45238095238095233,0.38888888888888884,0.45238095238095233,0.4358974358974359,0.45238095238095233,0.45238095238095233,1.0,1.1390023231506348
1014,REINFORCE,A2A,8,118,15.060598850250244,COc1ccccc1NC(=O)C(=O)Nc1ccc(F)c(F)c1,true,1,true,0,0.8564180137218314,0.0,2.5506,306.26800000000003,22.0,294.17199999999997,3.0,2.0,7.0,3.0,2.0,0.0,2.0,67.42999999999999,0.0,0.0,C15H12F2N2O3,719.6837895274512,1.0,2.0,0.3846153846153846,0.37037037037037035,0.33333333333333337,0.3846153846153846,0.3846153846153846,0.3846153846153846,1.0,1.1390023231506348
1015,REINFORCE,A2A,8,119,15.060598850250244,COc1cccc(-c2nc(-c3ccccn3)co2)c1,true,1,true,0,0.7162917702862114,0.0,3.4122000000000012,252.27300000000002,19.0,240.17699999999996,4.0,0.0,4.0,3.0,3.0,0.0,3.0,48.150000000000006,0.0,0.0,C15H12N2O2,677.3772726834991,1.0,0.0,0.5128205128205128,0.37037037037037035,0.26190476190476186,0.5128205128205128,0.5128205128205128,0.5128205128205128,1.0,1.1390023231506348
1016,REINFORCE,A2A,8,120,15.060598850250244,CN(CCCNc1ccccn1)Cc1cccs1,true,1,true,0,0.7763778232824912,0.0,3.0771000000000015,261.394,18.0,242.24199999999996,4.0,1.0,4.0,7.0,2.0,0.0,2.0,28.16,0.0,0.0,C14H19N3S,427.56445820881146,7.0,0.0,0.40476190476190477,0.2407407407407407,0.40476190476190477,0.33333333333333337,0.40476190476190477,0.40476190476190477,1.0,1.1390023231506348
1017,REINFORCE,A2A,8,121,15.060598850250244,Cc1ccc(C(=NO)Nn2c(C)cc(=O)n(CCCO)c2=S)cc1,true,1,true,0,0.25174113518275615,0.0,1.7580299999999998,348.42800000000005,24.0,328.26800000000003,7.0,3.0,8.0,5.0,2.0,0.0,2.0,91.78000000000002,0.0,0.0,C16H20N4O3S,853.1067367556508,3.0,0.0,0.40476190476190477,0.33333333333333337,0.40476190476190477,0.28205128205128205,0.40476190476190477,0.40476190476190477,1.0,1.1390023231506348
1018,REINFORCE,A2A,8,122,15.060598850250244,CCOC1CCCN(Cc2ncc(-c3nccs3)[nH]2)C1,true,1,true,0,0.9198524791211891,0.0,2.5341000000000005,292.4080000000001,20.0,272.248,5.0,1.0,6.0,5.0,2.0,1.0,3.0,54.04,0.0,0.0,C14H20N4OS,523.0261126686638,2.0,0.0,0.3571428571428571,0.31481481481481477,0.3571428571428571,0.28205128205128205,0.3571428571428571,0.3571428571428571,1.0,1.1390023231506348
1019,REINFORCE,A2A,8,123,15.060598850250244,CC(C)(C)c1nnc(NC(C2CCOC2)C(F)(F)F)s1,true,1,true,0,0.931113322492506,0.0,3.214900000000002,309.35699999999997,20.0,291.21299999999997,5.0,1.0,8.0,3.0,1.0,1.0,2.0,47.040000000000006,0.0,0.0,C12H18F3N3OS,449.535403731279,4.0,3.0,0.33333333333333337,0.31481481481481477,0.33333333333333337,0.33333333333333337,0.33333333333333337,0.33333333333333337,1.0,1.1390023231506348
1020,REINFORCE,A2A,8,124,15.060598850250244,Cc1cnccc1OCC1CN(C(=O)c2ccc(N3CCCC3)cc2)C1,true,1,true,0,0.8301736431893791,0.0,3.1412200000000015,351.4500000000002,26.0,326.2500000000001,4.0,0.0,5.0,5.0,2.0,2.0,4.0,45.67,0.0,0.0,C21H25N3O2,763.0805869119677,3.0,0.0,0.33333333333333337,0.2962962962962963,0.26190476190476186,0.33333333333333337,0.33333333333333337,0.33333333333333337,1.0,1.1390023231506348
1021,REINFORCE,A2A,8,125,15.060598850250244,CCc1ccc(CNCc2cnc(C(C)O)nc2)o1,true,1,true,0,0.8315806795912599,0.0,1.9750999999999996,261.32500000000005,19.0,242.17299999999997,5.0,2.0,5.0,6.0,2.0,0.0,2.0,71.18,0.0,0.0,C14H19N3O2,505.66455795394694,4.0,0.0,0.41025641025641024,0.35185185185185186,0.3571428571428571,0.41025641025641024,0.41025641025641024,0.41025641025641024,1.0,1.1390023231506348
1022,REINFORCE,A2A,8,126,15.060598850250244,Cc1ccc(S(=O)(=O)N2CC(C)N(c3cncc(C)c3)CC2c2cccc(NC(C)(C)C)c2)cc1,true,1,true,0,0.5058883820432664,0.0,5.549540000000006,492.68900000000025,35.0,456.40100000000035,5.0,1.0,7.0,5.0,3.0,1.0,4.0,65.54,0.0,0.0,C28H36N4O2S,1282.809473118699,2.0,0.0,0.2222222222222222,0.2222222222222222,0.023809523809523836,0.0,0.2222222222222222,0.2222222222222222,1.0,1.1390023231506348
1023,REINFORCE,A2A,8,127,15.060598850250244,COc1ccc(CC(=O)Nc2ccc(-c3cnc(N)c(C#N)c3)nc2)cc1OC,true,1,true,0,0.6642387866703574,0.0,2.7958800000000013,389.41500000000013,29.0,370.2630000000001,7.0,2.0,8.0,6.0,3.0,0.0,3.0,123.15,0.0,0.0,C21H19N5O3,1074.6649435174133,2.0,0.0,0.42592592592592593,0.42592592592592593,0.3571428571428571,0.23076923076923073,0.42592592592592593,0.42592592592592593,1.0,1.1390023231506348
