,model,task,step,batch_idx,absolute_time,smiles,valid,valid_score,unique,occurrences,desc_QED,desc_SAscore,desc_CLogP,desc_MolWt,desc_HeavyAtomCount,desc_HeavyAtomMolWt,desc_NumHAcceptors,desc_NumHDonors,desc_NumHeteroatoms,desc_NumRotatableBonds,desc_NumAromaticRings,desc_NumAliphaticRings,desc_RingCount,desc_TPSA,desc_PenLogP,desc_FormalCharge,desc_MolecularFormula,desc_Bertz,desc_MaxConsecutiveRotatableBonds,desc_FlourineCount,AP_Sim,AP_Cmpd1_Sim,AP_Cmpd2_Sim,raw_AP_Sim,single,filter,score_time
9472,REINFORCE,AP,75,0,115.83806419372559,O=C1NCCC1(Cc1ccccc1)c1ccc(Cl)cc1,true,1,true,0,0.9206389831825061,0.0,3.3404000000000016,285.774,20.0,269.64599999999996,1.0,1.0,3.0,3.0,2.0,1.0,3.0,29.1,0.0,0.0,C17H16ClNO,608.6469475507297,2.0,0.0,0.5526315789473684,0.5526315789473684,0.33333333333333337,0.5526315789473684,0.5526315789473684,1.0,1.1831941604614258
9473,REINFORCE,AP,75,1,115.83806419372559,NCc1ccc2ccccc2c1,true,1,true,0,0.6749466318356919,0.0,2.2985000000000007,157.21599999999998,12.0,146.12799999999996,1.0,1.0,1.0,1.0,2.0,0.0,2.0,26.02,0.0,0.0,C11H11N,392.88117497912054,1.0,0.0,0.3421052631578947,0.3421052631578947,0.27083333333333337,0.3421052631578947,0.3421052631578947,1.0,1.1831941604614258
9474,REINFORCE,AP,75,2,115.83806419372559,CN1CCN(C(=O)C2CCN(Cc3ccccc3)C2)CC1,true,1,true,0,0.8378328970117073,0.0,1.2824999999999998,287.4070000000001,21.0,262.20699999999994,3.0,0.0,4.0,3.0,1.0,2.0,3.0,26.79,0.0,0.0,C17H25N3O,468.1833814918284,2.0,0.0,0.5,0.5,0.47916666666666663,0.5,0.5,1.0,1.1831941604614258
9475,REINFORCE,AP,75,3,115.83806419372559,CN1CCN(Cc2ccccc2)CC1,true,1,false,11,0.6959188998239144,0.0,1.434,190.28999999999996,14.0,172.14599999999996,2.0,0.0,2.0,2.0,1.0,1.0,2.0,6.48,0.0,0.0,C12H18N2,262.9100351687179,2.0,0.0,0.5,0.5,0.375,0.5,0.5,1.0,1.1831941604614258
9476,REINFORCE,AP,75,4,115.83806419372559,COc1ccc(C(=NN2CCN(C)CC2)c2ccccc2)cc1,true,1,true,0,0.8129823312380761,0.0,2.695000000000001,309.41299999999995,23.0,286.22900000000004,4.0,0.0,4.0,4.0,2.0,1.0,3.0,28.07,0.0,0.0,C19H23N3O,644.0747597666871,2.0,0.0,0.41666666666666663,0.3157894736842105,0.41666666666666663,0.41666666666666663,0.41666666666666663,1.0,1.1831941604614258
9477,REINFORCE,AP,75,5,115.83806419372559,CN1CCN(C(=O)C2C(=O)NCCN2Cc2ccccc2)CC1,true,1,true,0,0.7823175277031289,0.0,-0.23899999999999877,316.40500000000003,23.0,292.213,4.0,1.0,6.0,3.0,1.0,2.0,3.0,55.89000000000001,0.0,0.0,C17H24N4O2,554.9716116340936,2.0,0.0,0.4375,0.42105263157894735,0.4375,0.4375,0.4375,1.0,1.1831941604614258
9478,REINFORCE,AP,75,6,115.83806419372559,NC1c2ccccc2-c2ccccc21,true,1,true,0,0.6640481151028949,0.0,2.7151000000000005,181.238,14.0,170.14999999999995,1.0,1.0,1.0,0.0,2.0,1.0,3.0,26.02,0.0,0.0,C13H11N,442.59916570517765,0.0,0.0,0.42105263157894735,0.42105263157894735,0.3125,0.42105263157894735,0.42105263157894735,1.0,1.1831941604614258
9479,REINFORCE,AP,75,7,115.83806419372559,OCC1OC(ON=Cc2ccccc2)C(O)C1O,true,1,true,0,0.49569376573860047,0.0,-0.5239000000000001,253.25400000000005,18.0,238.13399999999996,6.0,3.0,6.0,4.0,1.0,1.0,2.0,91.51,0.0,0.0,C12H15NO5,396.7140603033669,2.0,0.0,0.3421052631578947,0.3421052631578947,0.29166666666666663,0.3421052631578947,0.3421052631578947,1.0,1.1831941604614258
9480,REINFORCE,AP,75,8,115.83806419372559,Fc1cccc(C2C=Cc3cc(Br)ccc3O2)c1,true,1,true,0,0.7395139355603951,0.0,4.735100000000003,305.146,18.0,295.06600000000003,1.0,0.0,3.0,1.0,2.0,1.0,3.0,9.23,0.0,0.0,C15H10BrFO,621.6407084536904,1.0,1.0,0.35416666666666663,0.3421052631578947,0.35416666666666663,0.35416666666666663,0.35416666666666663,1.0,1.1831941604614258
9481,REINFORCE,AP,75,9,115.83806419372559,CN1OC(C)(c2ccccc2)N=C1N,true,1,true,0,0.721488730300437,0.0,1.051,191.23399999999998,14.0,178.13,4.0,1.0,4.0,1.0,1.0,1.0,2.0,50.849999999999994,0.0,0.0,C10H13N3O,362.8896771549849,1.0,0.0,0.368421052631579,0.368421052631579,0.33333333333333337,0.368421052631579,0.368421052631579,1.0,1.1831941604614258
9482,REINFORCE,AP,75,10,115.83806419372559,CNCc1ccc2ccc(N3CCC(N4CCc5ccccc5C4)C3)cc2c1,true,1,true,0,0.7416159959814529,0.0,4.196200000000004,371.5280000000001,28.0,342.2960000000001,3.0,1.0,3.0,4.0,3.0,2.0,5.0,18.509999999999998,0.0,0.0,C25H29N3,980.4438291233935,2.0,0.0,0.39583333333333337,0.26315789473684215,0.39583333333333337,0.39583333333333337,0.39583333333333337,1.0,1.1831941604614258
9483,REINFORCE,AP,75,11,115.83806419372559,CC1CCN2C(CCC2c2cccc(C(C)C)n2)C1,true,1,true,0,0.7922594137659069,0.0,4.140400000000003,258.40900000000005,19.0,232.20099999999996,2.0,0.0,2.0,2.0,1.0,2.0,3.0,16.130000000000003,0.0,0.0,C17H26N2,440.6431347253351,1.0,0.0,0.5263157894736843,0.5263157894736843,0.375,0.5263157894736843,0.5263157894736843,1.0,1.1831941604614258
9484,REINFORCE,AP,75,12,115.83806419372559,CN1CCN(CCN2CC=CC2)CC1,true,1,true,0,0.5916916953963447,0.0,0.10560000000000036,195.30999999999997,14.0,174.14199999999997,3.0,0.0,3.0,3.0,0.0,2.0,2.0,9.72,0.0,0.0,C11H21N3,186.70932482167382,3.0,0.0,0.4473684210526315,0.4473684210526315,0.35416666666666663,0.4473684210526315,0.4473684210526315,1.0,1.1831941604614258
9485,REINFORCE,AP,75,13,115.83806419372559,Cc1ccc2c(c1)CN(C(=O)NN1CCN(C)CC1)CCC2N,true,1,true,0,0.8132017887983573,0.0,1.0725200000000008,317.4370000000001,23.0,290.221,4.0,2.0,6.0,1.0,1.0,2.0,3.0,64.84,0.0,0.0,C17H27N5O,568.1021961553301,1.0,0.0,0.4375,0.1578947368421053,0.4375,0.4375,0.4375,1.0,1.1831941604614258
9486,REINFORCE,AP,75,14,115.83806419372559,CN1CCN(Cc2cccc(C3CCCN3)n2)CC1,true,1,true,0,0.8862395915613541,0.0,1.2534999999999998,260.385,19.0,236.19299999999996,4.0,1.0,4.0,3.0,1.0,2.0,3.0,31.4,0.0,0.0,C15H24N4,406.3615306159859,2.0,0.0,0.5263157894736843,0.5263157894736843,0.4375,0.5263157894736843,0.5263157894736843,1.0,1.1831941604614258
9487,REINFORCE,AP,75,15,115.83806419372559,Cc1nc2ccccn2c1CNC1CCN(C)CC1,true,1,true,0,0.9113726863672228,0.0,1.8265200000000001,258.36899999999997,19.0,236.19299999999996,4.0,1.0,4.0,3.0,2.0,1.0,3.0,32.57,0.0,0.0,C15H22N4,552.2709580281739,3.0,0.0,0.375,0.3421052631578947,0.375,0.375,0.375,1.0,1.1831941604614258
9488,REINFORCE,AP,75,16,115.83806419372559,CN1CCN(Cc2ccccc2Cl)CC1,true,1,true,0,0.7593034097643384,0.0,2.0873999999999997,224.73499999999996,15.0,207.59899999999996,2.0,0.0,3.0,2.0,1.0,1.0,2.0,6.48,0.0,0.0,C12H17ClN2,319.1530873757562,2.0,0.0,0.5263157894736843,0.5263157894736843,0.35416666666666663,0.5263157894736843,0.5263157894736843,1.0,1.1831941604614258
9489,REINFORCE,AP,75,17,115.83806419372559,CN1CCN(c2ccc(C(=O)N3CCN(c4ccc(Cl)cc4)CC3)cc2)CC1,true,1,true,0,0.7944827156459565,0.0,3.0542000000000016,398.93800000000016,28.0,371.72200000000015,4.0,0.0,6.0,3.0,2.0,2.0,4.0,30.03,0.0,0.0,C22H27ClN4O,792.2913950153184,1.0,0.0,0.4375,0.368421052631579,0.4375,0.4375,0.4375,1.0,1.1831941604614258
9490,REINFORCE,AP,75,18,115.83806419372559,Clc1cccc(N2CCC(CCN3CCN(c4ccccc4)CC3)CC2)c1,true,1,true,0,0.7359222624319903,0.0,4.768700000000004,383.96700000000016,27.0,353.72700000000015,3.0,0.0,4.0,5.0,2.0,2.0,4.0,9.72,0.0,0.0,C23H30ClN3,704.5732168510219,3.0,0.0,0.39583333333333337,0.26315789473684215,0.39583333333333337,0.39583333333333337,0.39583333333333337,1.0,1.1831941604614258
9491,REINFORCE,AP,75,19,115.83806419372559,C1CN(c2ccccc2)CCN1c1ccccc1OC)CCc1ccccc1,false,0,true,0,0.0,0.0,0.0,0.0,0.0,0.0,0.0,0.0,0.0,0.0,0.0,0.0,0.0,0.0,0.0,0.0,0.0,0.0,0.0,0.0,0.0,0.0,0.0,1e-06,1e-06,1.0,1.1831941604614258
9492,REINFORCE,AP,75,20,115.83806419372559,CN1CCN(CCCN2CCN(c3ccccc3F)CC2)CC1,true,1,true,0,0.8165912773156419,0.0,1.5852000000000002,320.4560000000002,23.0,291.224,4.0,0.0,5.0,5.0,1.0,2.0,3.0,12.96,0.0,0.0,C18H29FN4,479.6648588780799,4.0,1.0,0.631578947368421,0.631578947368421,0.47916666666666663,0.631578947368421,0.631578947368421,1.0,1.1831941604614258
9493,REINFORCE,AP,75,21,115.83806419372559,CN1CCCC1CCN1CCN(c2ccccc2F)CC1,true,1,true,0,0.8434241458918312,0.0,2.4320000000000004,291.4140000000001,21.0,265.20599999999996,3.0,0.0,4.0,4.0,1.0,2.0,3.0,9.72,0.0,0.0,C17H26FN3,457.10337194725815,3.0,1.0,0.4736842105263158,0.4736842105263158,0.4375,0.4736842105263158,0.4736842105263158,1.0,1.1831941604614258
9494,REINFORCE,AP,75,22,115.83806419372559,CCN1CCN(CC(=O)N2CCN(C)CC2)CC1,true,1,true,0,0.672576189074697,0.0,-0.6020999999999974,254.37799999999993,18.0,228.16999999999996,4.0,0.0,5.0,3.0,0.0,2.0,2.0,30.03,0.0,0.0,C13H26N4O,268.16480932535325,2.0,0.0,0.42105263157894735,0.42105263157894735,0.41666666666666663,0.42105263157894735,0.42105263157894735,1.0,1.1831941604614258
9495,REINFORCE,AP,75,23,115.83806419372559,CN1CCN(CCCN2CCc3cccc4cccc2c34)CC1,true,1,true,0,0.8597301900931832,0.0,2.8398000000000003,309.4570000000001,23.0,282.241,3.0,0.0,3.0,4.0,2.0,2.0,4.0,9.72,0.0,0.0,C20H27N3,668.3911633528231,4.0,0.0,0.6842105263157895,0.6842105263157895,0.4375,0.6842105263157895,0.6842105263157895,1.0,1.1831941604614258
9496,REINFORCE,AP,75,24,115.83806419372559,Cc1ccc(C(=O)NCCCN2CCN(C)CC2)cc1,true,1,true,0,0.8243462548702399,0.0,1.36232,275.39599999999996,20.0,250.19599999999997,3.0,1.0,4.0,5.0,1.0,1.0,2.0,35.580000000000005,0.0,0.0,C16H25N3O,421.8530546667464,4.0,0.0,0.33333333333333337,0.26315789473684215,0.33333333333333337,0.33333333333333337,0.33333333333333337,1.0,1.1831941604614258
9497,REINFORCE,AP,75,25,115.83806419372559,CN1CCN(CCNc2ccccc2)CC1,true,1,true,0,0.8243460680698608,0.0,1.3458999999999994,219.332,16.0,198.16399999999996,3.0,1.0,3.0,4.0,1.0,1.0,2.0,18.509999999999998,0.0,0.0,C13H21N3,291.30583312377763,4.0,0.0,0.5526315789473684,0.5526315789473684,0.41666666666666663,0.5526315789473684,0.5526315789473684,1.0,1.1831941604614258
9498,REINFORCE,AP,75,26,115.83806419372559,CN1CCC(N2CCCN(C)CC2)CC1,true,1,true,0,0.6326002597503618,0.0,0.7181,211.35299999999995,15.0,186.15299999999996,3.0,0.0,3.0,1.0,0.0,2.0,2.0,9.72,0.0,0.0,C12H25N3,187.3062531800184,1.0,0.0,0.42105263157894735,0.42105263157894735,0.35416666666666663,0.42105263157894735,0.42105263157894735,1.0,1.1831941604614258
9499,REINFORCE,AP,75,27,115.83806419372559,CCCN1CCN(c2cccc(N(C)c3ccc(N4CCN(C)CC4)cc3)c2)CC1,true,1,true,0,0.7229811291930021,0.0,3.7383000000000033,407.6060000000003,30.0,370.3100000000002,5.0,0.0,5.0,6.0,2.0,2.0,4.0,16.200000000000003,0.0,0.0,C25H37N5,789.4412117142014,2.0,0.0,0.41666666666666663,0.39473684210526316,0.41666666666666663,0.41666666666666663,0.41666666666666663,1.0,1.1831941604614258
9500,REINFORCE,AP,75,28,115.83806419372559,CCOCCN1CCN(c2ccccc2C(=NO)Nc2ccc(Cl)cc2)CC1,true,1,true,0,0.24269979728224228,0.0,3.746400000000002,402.92600000000016,28.0,375.71000000000015,5.0,2.0,7.0,7.0,2.0,1.0,3.0,60.33,0.0,0.0,C21H27ClN4O2,774.2299795600757,4.0,0.0,0.5789473684210527,0.5789473684210527,0.45833333333333337,0.5789473684210527,0.5789473684210527,1.0,1.1831941604614258
9501,REINFORCE,AP,75,29,115.83806419372559,CC(=O)N1CCN(S(=O)(=O)c2ccc(Cl)cc2)CC1,true,1,true,0,0.8244712698880536,0.0,1.1927999999999999,302.7830000000001,19.0,287.663,3.0,0.0,7.0,2.0,1.0,1.0,2.0,57.690000000000005,0.0,0.0,C12H15ClN2O3S,563.1422215027981,2.0,0.0,0.5,0.5,0.45833333333333337,0.5,0.5,1.0,1.1831941604614258
9502,REINFORCE,AP,75,30,115.83806419372559,CN1CCN(c2cnccn2)CC1(C)C,true,1,true,0,0.6861280217196654,0.0,1.0069999999999997,206.29299999999998,15.0,188.14899999999997,4.0,0.0,4.0,1.0,1.0,1.0,2.0,32.260000000000005,0.0,0.0,C11H18N4,322.61962328179135,1.0,0.0,0.39473684210526316,0.39473684210526316,0.35416666666666663,0.39473684210526316,0.39473684210526316,1.0,1.1831941604614258
9503,REINFORCE,AP,75,31,115.83806419372559,CC1CCC2(C)C3=C(CC12)C(=O)C=C(CN1CCN(c2ncccn2)CC1)C3,true,1,true,0,0.8080658595967046,0.0,3.2505000000000015,378.52000000000015,28.0,348.2800000000001,5.0,0.0,5.0,3.0,1.0,4.0,5.0,49.330000000000005,0.0,0.0,C23H30N4O,837.4181135407557,2.0,0.0,0.27083333333333337,0.10526315789473684,0.27083333333333337,0.27083333333333337,0.27083333333333337,1.0,1.1831941604614258
9504,REINFORCE,AP,75,32,115.83806419372559,CN1CC2CCN(C2)C1c1cccc(-c2ccccc2)n1,true,1,true,0,0.8421514561099964,0.0,3.0145000000000017,279.38700000000006,21.0,258.21899999999994,3.0,0.0,3.0,2.0,2.0,2.0,4.0,19.37,0.0,0.0,C18H21N3,625.3703823044671,1.0,0.0,0.5,0.5,0.39583333333333337,0.5,0.5,1.0,1.1831941604614258
9505,REINFORCE,AP,75,33,115.83806419372559,CC(C)(O)C12Cc3cc4c(cc3C1CC(O)C21CCc2ccccc21)COO4,true,1,true,0,0.7452985537423396,0.0,3.556400000000002,378.46800000000013,28.0,352.2600000000001,4.0,2.0,4.0,1.0,2.0,4.0,6.0,58.92,0.0,0.0,C24H26O4,990.5850488672631,1.0,0.0,0.35416666666666663,0.21052631578947367,0.35416666666666663,0.35416666666666663,0.35416666666666663,1.0,1.1831941604614258
9506,REINFORCE,AP,75,34,115.83806419372559,CCCCN1CCN(C)CC1,true,1,true,0,0.6020532485761785,0.0,1.0339,156.27299999999997,11.0,136.113,2.0,0.0,2.0,3.0,0.0,1.0,1.0,6.48,0.0,0.0,C9H20N2,92.98096796153439,3.0,0.0,0.3421052631578947,0.3421052631578947,0.29166666666666663,0.3421052631578947,0.3421052631578947,1.0,1.1831941604614258
9507,REINFORCE,AP,75,35,115.83806419372559,CCN(CCN1CCN(C(=O)c2ccc3ccccc3c2)CC1)c1ccccc1,true,1,true,0,0.6364525909491301,0.0,4.124100000000004,387.5270000000002,29.0,358.29500000000013,3.0,0.0,4.0,6.0,3.0,1.0,4.0,26.79,0.0,0.0,C25H29N3O,948.45439968929,5.0,0.0,0.39473684210526316,0.39473684210526316,0.3125,0.39473684210526316,0.39473684210526316,1.0,1.1831941604614258
9508,REINFORCE,AP,75,36,115.83806419372559,CCN(CCN1c2ccccc2CC1CN)S(=O)(=O)c1ccccc1,true,1,true,0,0.8219697496286393,0.0,2.0871999999999993,359.49500000000006,25.0,334.29500000000013,4.0,1.0,6.0,7.0,2.0,1.0,3.0,66.64,0.0,0.0,C19H25N3O2S,808.4287347966658,6.0,0.0,0.5,0.3157894736842105,0.5,0.5,0.5,1.0,1.1831941604614258
9509,REINFORCE,AP,75,37,115.83806419372559,CCN1CCN(C(=O)C2CCCN2C(=O)c2ccc(Br)cc2)CC1,true,1,true,0,0.7899583199368589,0.0,2.2177999999999995,394.31300000000005,24.0,370.12100000000004,3.0,0.0,6.0,3.0,1.0,2.0,3.0,43.86,0.0,0.0,C18H24BrN3O2,596.7863656696289,1.0,0.0,0.5416666666666667,0.4736842105263158,0.5416666666666667,0.5416666666666667,0.5416666666666667,1.0,1.1831941604614258
9510,REINFORCE,AP,75,38,115.83806419372559,Cc1ccccc1C=C1CON(c2ccccc2)C(c2ccc(F)cc2C)C1,true,1,true,0,0.525917408547496,0.0,6.409140000000005,373.4710000000001,28.0,349.2790000000001,2.0,0.0,3.0,3.0,3.0,1.0,4.0,12.47,0.0,0.0,C25H24FNO,996.4394994014298,1.0,1.0,0.4375,0.42105263157894735,0.4375,0.4375,0.4375,1.0,1.1831941604614258
9511,REINFORCE,AP,75,39,115.83806419372559,Cc1ccc(NC(=O)N2CCN(C)CC2)cc1,true,1,false,1,0.8021669819058747,0.0,1.7743200000000001,233.31499999999997,17.0,214.16299999999998,2.0,1.0,4.0,1.0,1.0,1.0,2.0,35.580000000000005,0.0,0.0,C13H19N3O,380.1559777215908,1.0,0.0,0.3125,0.26315789473684215,0.3125,0.3125,0.3125,1.0,1.1831941604614258
9512,REINFORCE,AP,75,40,115.83806419372559,Cc1ccc(S(=O)(=O)N2CCN(C)c3ccccc3C2)cc1,true,1,true,0,0.855023311626535,0.0,2.635720000000001,316.42600000000004,22.0,296.266,3.0,0.0,5.0,2.0,2.0,1.0,3.0,40.620000000000005,0.0,0.0,C17H20N2O2S,769.5008766097857,2.0,0.0,0.375,0.26315789473684215,0.375,0.375,0.375,1.0,1.1831941604614258
9513,REINFORCE,AP,75,41,115.83806419372559,CCN1CCC(Cn2cc(C)c(Cl)n2)CC1,true,1,true,0,0.8112665472586004,0.0,2.5768200000000006,241.76599999999996,16.0,221.60599999999997,3.0,0.0,4.0,3.0,1.0,1.0,2.0,21.060000000000002,0.0,0.0,C12H20ClN3,320.5331138953941,2.0,0.0,0.5,0.5,0.3125,0.5,0.5,1.0,1.1831941604614258
9514,REINFORCE,AP,75,42,115.83806419372559,Cc1cnc(N2CCN(C)CC2)c(Cl)c1,true,1,true,0,0.7267675489275292,0.0,1.7952199999999996,225.72299999999998,15.0,209.595,3.0,0.0,4.0,1.0,1.0,1.0,2.0,19.370000000000005,0.0,0.0,C11H16ClN3,345.6863125286537,1.0,0.0,0.35416666666666663,0.3157894736842105,0.35416666666666663,0.35416666666666663,0.35416666666666663,1.0,1.1831941604614258
9515,REINFORCE,AP,75,43,115.83806419372559,CN1CCN(c2cccc(Cl)c2)CC1,true,1,false,2,0.7006704934265843,0.0,2.0918,210.70799999999994,14.0,195.58799999999997,2.0,0.0,3.0,1.0,1.0,1.0,2.0,6.48,0.0,0.0,C11H15ClN2,305.91077056340805,1.0,0.0,0.5789473684210527,0.5789473684210527,0.39583333333333337,0.5789473684210527,0.5789473684210527,1.0,1.1831941604614258
9516,REINFORCE,AP,75,44,115.83806419372559,CN1CCC2(CC1)CN(c1ccc(F)c(C(F)(F)F)c1)C(=O)N2,true,1,true,0,0.8034556237238613,0.0,2.8385000000000007,331.31300000000005,23.0,314.177,2.0,1.0,8.0,1.0,1.0,2.0,3.0,35.58,0.0,0.0,C15H17F4N3O,623.6382709224375,1.0,4.0,0.35416666666666663,0.2894736842105263,0.35416666666666663,0.35416666666666663,0.35416666666666663,1.0,1.1831941604614258
9517,REINFORCE,AP,75,45,115.83806419372559,O=C(Nc1ccccc1)c1ccc(F)cc1,true,1,true,0,0.819024741146282,0.0,3.078000000000001,215.22699999999998,16.0,205.14699999999993,1.0,1.0,3.0,2.0,2.0,0.0,2.0,29.1,0.0,0.0,C13H10FNO,479.04559765692784,1.0,1.0,0.4736842105263158,0.4736842105263158,0.41666666666666663,0.4736842105263158,0.4736842105263158,1.0,1.1831941604614258
9518,REINFORCE,AP,75,46,115.83806419372559,Cc1ncc2ccc(N(C)c3ccccc3)cc2n1,true,1,true,0,0.6929998422300742,0.0,3.706120000000002,249.317,19.0,234.19699999999995,3.0,0.0,3.0,2.0,3.0,0.0,3.0,29.020000000000003,0.0,0.0,C16H15N3,707.5207772549461,2.0,0.0,0.42105263157894735,0.42105263157894735,0.41666666666666663,0.42105263157894735,0.42105263157894735,1.0,1.1831941604614258
9519,REINFORCE,AP,75,47,115.83806419372559,Clc1ccc(Nc2nc3ccccc3s2)cc1,true,1,true,0,0.7228117684033141,0.0,4.693300000000002,260.749,17.0,251.67699999999996,3.0,1.0,4.0,2.0,3.0,0.0,3.0,24.92,0.0,0.0,C13H9ClN2S,612.8331618643329,2.0,0.0,0.39473684210526316,0.39473684210526316,0.29166666666666663,0.39473684210526316,0.39473684210526316,1.0,1.1831941604614258
9520,REINFORCE,AP,75,48,115.83806419372559,C=C1C(=O)N(C)C(=O)C1=Cc1ccc(Br)cc1,true,1,true,0,0.5884973056858749,0.0,2.3873000000000006,292.132,17.0,282.052,2.0,0.0,4.0,1.0,1.0,1.0,2.0,37.38,0.0,0.0,C13H10BrNO2,543.0428194092963,1.0,0.0,0.33333333333333337,0.3157894736842105,0.33333333333333337,0.33333333333333337,0.33333333333333337,1.0,1.1831941604614258
9521,REINFORCE,AP,75,49,115.83806419372559,CN1CCN(C2CCN(Cc3ccccc3F)CC2)CC1,true,1,true,0,0.8436355411215192,0.0,2.0374999999999996,291.4140000000001,21.0,265.20599999999996,3.0,0.0,4.0,3.0,1.0,2.0,3.0,9.72,0.0,0.0,C17H26FN3,449.1033719472581,2.0,1.0,0.6052631578947368,0.6052631578947368,0.45833333333333337,0.6052631578947368,0.6052631578947368,1.0,1.1831941604614258
9522,REINFORCE,AP,75,50,115.83806419372559,CN1CCN(CCCNC(=O)c2cccc3ccccc23)CC1,true,1,true,0,0.8600882954228356,0.0,2.2070999999999996,311.42900000000014,23.0,286.229,3.0,1.0,4.0,5.0,2.0,1.0,3.0,35.58,0.0,0.0,C19H25N3O,657.2172415610768,4.0,0.0,0.631578947368421,0.631578947368421,0.47916666666666663,0.631578947368421,0.631578947368421,1.0,1.1831941604614258
9523,REINFORCE,AP,75,51,115.83806419372559,CN(C)CCN1CCN(C)CC1,true,1,true,0,0.5818891094451721,0.0,-0.204599999999999,171.28799999999998,12.0,150.11999999999998,3.0,0.0,3.0,3.0,0.0,1.0,1.0,9.72,0.0,0.0,C9H21N3,116.94205536176516,3.0,0.0,0.3157894736842105,0.3157894736842105,0.29166666666666663,0.3157894736842105,0.3157894736842105,1.0,1.1831941604614258
9524,REINFORCE,AP,75,52,115.83806419372559,CN1CCN(CCN2CCC(NC(=O)c3cccc4ccccc34)CC2)CC1,true,1,true,0,0.863857280384163,0.0,2.2814000000000005,380.53600000000023,28.0,348.28000000000014,4.0,1.0,5.0,5.0,2.0,2.0,4.0,38.82,0.0,0.0,C23H32N4O,786.7938344778074,3.0,0.0,0.47916666666666663,0.4736842105263158,0.47916666666666663,0.47916666666666663,0.47916666666666663,1.0,1.1831941604614258
9525,REINFORCE,AP,75,53,115.83806419372559,Clc1ccc(N2CCN(CC3=CCCCC3)CC2)cc1,true,1,true,0,0.7775649824198387,0.0,3.9624000000000033,290.83799999999997,20.0,267.65399999999994,2.0,0.0,3.0,3.0,1.0,2.0,3.0,6.48,0.0,0.0,C17H23ClN2,458.38327751122176,2.0,0.0,0.33333333333333337,0.26315789473684215,0.33333333333333337,0.33333333333333337,0.33333333333333337,1.0,1.1831941604614258
9526,REINFORCE,AP,75,54,115.83806419372559,CN1CCN(CCCCCCN2CCN(c3ccccc3)CC2)CC1,true,1,true,0,0.6721798291649071,0.0,2.6164000000000005,344.54700000000014,25.0,308.25900000000007,4.0,0.0,4.0,8.0,1.0,2.0,3.0,12.96,0.0,0.0,C21H36N4,462.0442102829078,7.0,0.0,0.5526315789473684,0.5526315789473684,0.47916666666666663,0.5526315789473684,0.5526315789473684,1.0,1.1831941604614258
9527,REINFORCE,AP,75,55,115.83806419372559,CC1CN2c3cc(Cl)ccc3CC2CN1,true,1,true,0,0.7231709331443494,0.0,2.0627999999999997,222.719,15.0,207.599,2.0,1.0,3.0,0.0,1.0,2.0,3.0,15.27,0.0,0.0,C12H15ClN2,391.20855109193315,0.0,0.0,0.42105263157894735,0.42105263157894735,0.375,0.42105263157894735,0.42105263157894735,1.0,1.1831941604614258
9528,REINFORCE,AP,75,56,115.83806419372559,Fc1cccc(CN2CCC(N3CCNCC3)CC2)c1,true,1,true,0,0.9069716697819817,0.0,1.6952999999999996,277.387,20.0,253.19499999999996,3.0,1.0,4.0,3.0,1.0,2.0,3.0,18.509999999999998,0.0,0.0,C16H24FN3,423.48509081499583,2.0,1.0,0.3125,0.26315789473684215,0.3125,0.3125,0.3125,1.0,1.1831941604614258
9529,REINFORCE,AP,75,57,115.83806419372559,O=C1CNc2ccc(Cl)cc2N1,true,1,true,0,0.6414777643673022,0.0,1.704,182.61,12.0,175.55399999999997,2.0,2.0,4.0,0.0,1.0,1.0,2.0,41.13,0.0,0.0,C8H7ClN2O,337.82978715700074,0.0,0.0,0.39473684210526316,0.39473684210526316,0.25,0.39473684210526316,0.39473684210526316,1.0,1.1831941604614258
9530,REINFORCE,AP,75,58,115.83806419372559,Nc1nccc(-c2cncc(Cl)c2)n1,true,1,true,0,0.7725694505393602,0.0,1.7741999999999998,206.636,14.0,199.57999999999998,4.0,1.0,5.0,1.0,2.0,0.0,2.0,64.69,0.0,0.0,C9H7ClN4,414.56987173382345,1.0,0.0,0.42105263157894735,0.42105263157894735,0.27083333333333337,0.42105263157894735,0.42105263157894735,1.0,1.1831941604614258
9531,REINFORCE,AP,75,59,115.83806419372559,O=c1c2ccccc2c2cc(F)ccc2n1C1OC(CO)C1O,true,1,true,0,0.7038826343259487,0.0,1.544399999999999,315.3,23.0,301.18800000000005,5.0,2.0,6.0,2.0,3.0,1.0,4.0,71.69,0.0,0.0,C17H14FNO4,967.8628339938927,1.0,1.0,0.27083333333333337,0.23684210526315785,0.27083333333333337,0.27083333333333337,0.27083333333333337,1.0,1.1831941604614258
9532,REINFORCE,AP,75,60,115.83806419372559,Cc1ccc(N2CCN(CCN3CCN(C)CC3)C2=O)cc1,true,1,true,0,0.8438638159380395,0.0,1.48442,302.422,22.0,276.214,3.0,0.0,5.0,4.0,1.0,2.0,3.0,30.03,0.0,0.0,C17H26N4O,507.8951522357579,3.0,0.0,0.33333333333333337,0.26315789473684215,0.33333333333333337,0.33333333333333337,0.33333333333333337,1.0,1.1831941604614258
9533,REINFORCE,AP,75,61,115.83806419372559,CN1CCN2N=C3SC(=Nc4ccccc43)C2C1,true,1,true,0,0.7102582417225836,0.0,1.7546,258.35,18.0,244.23799999999997,5.0,0.0,5.0,0.0,1.0,3.0,4.0,31.2,0.0,0.0,C13H14N4S,565.8646011340021,0.0,0.0,0.45833333333333337,0.4473684210526315,0.45833333333333337,0.45833333333333337,0.45833333333333337,1.0,1.1831941604614258
9534,REINFORCE,AP,75,62,115.83806419372559,C(=NNc1noc(-c2cccc(-c3ccccc3)c2)n1)c1ccncc1,true,1,true,0,0.43378803359517776,0.0,4.244600000000003,341.3740000000001,26.0,326.2540000000001,6.0,1.0,6.0,5.0,4.0,0.0,4.0,76.2,0.0,0.0,C20H15N5O,1012.582982907714,2.0,0.0,0.26315789473684215,0.26315789473684215,0.22916666666666663,0.26315789473684215,0.26315789473684215,1.0,1.1831941604614258
9535,REINFORCE,AP,75,63,115.83806419372559,c1ccc(-c2nc3ccccc3[nH]2)cc1,true,1,true,0,0.6326173123272912,0.0,3.2299000000000007,194.237,15.0,184.15699999999998,1.0,1.0,2.0,1.0,3.0,0.0,3.0,28.68,0.0,0.0,C13H10N2,548.5529818043094,1.0,0.0,0.368421052631579,0.368421052631579,0.25,0.368421052631579,0.368421052631579,1.0,1.1831941604614258
9536,REINFORCE,AP,75,64,115.83806419372559,CN1CCCCN(CCCOc2ccccc2-c2ccc(C(F)(F)F)cc2)C1,true,1,true,0,0.6343586150436128,0.0,5.126400000000006,392.4650000000001,28.0,365.249,3.0,0.0,6.0,6.0,2.0,1.0,3.0,15.71,0.0,0.0,C22H27F3N2O,746.1922393498601,5.0,3.0,0.5526315789473684,0.5526315789473684,0.35416666666666663,0.5526315789473684,0.5526315789473684,1.0,1.1831941604614258
9537,REINFORCE,AP,75,65,115.83806419372559,O=C(O)c1ccc(C2=C(O)c3ccccc3C2=O)cc1,true,1,true,0,0.8757435301998182,0.0,3.0074000000000014,266.252,20.0,256.17199999999997,3.0,2.0,4.0,2.0,2.0,1.0,3.0,74.6,0.0,0.0,C16H10O4,754.3012695185639,1.0,0.0,0.35416666666666663,0.26315789473684215,0.35416666666666663,0.35416666666666663,0.35416666666666663,1.0,1.1831941604614258
9538,REINFORCE,AP,75,66,115.83806419372559,CC=C(C)Nc1ccc(-c2ccc(CN3CCN(C)CC3)cc2)cc1,true,1,true,0,0.8714842654296828,0.0,4.436600000000004,335.49500000000006,25.0,306.2630000000001,3.0,1.0,3.0,5.0,2.0,1.0,3.0,18.509999999999998,0.0,0.0,C22H29N3,693.0571205514076,2.0,0.0,0.39583333333333337,0.3421052631578947,0.39583333333333337,0.39583333333333337,0.39583333333333337,1.0,1.1831941604614258
9539,REINFORCE,AP,75,67,115.83806419372559,CN1CCN(CC(Nc2ccc(Cl)cc2)c2ccccc2)CC1,true,1,true,0,0.901146392235923,0.0,3.7406000000000024,329.8750000000001,23.0,305.68300000000005,3.0,1.0,4.0,5.0,2.0,1.0,3.0,18.509999999999998,0.0,0.0,C19H24ClN3,591.7716070979034,5.0,0.0,0.6052631578947368,0.6052631578947368,0.45833333333333337,0.6052631578947368,0.6052631578947368,1.0,1.1831941604614258
9540,REINFORCE,AP,75,68,115.83806419372559,CN1CCN(Cc2cccn2-c2c(Cl)cccc2Cl)CC1,true,1,true,0,0.8556334661223647,0.0,3.531500000000002,324.2550000000001,21.0,305.103,3.0,0.0,5.0,3.0,2.0,1.0,3.0,11.41,0.0,0.0,C16H19Cl2N3,595.4846917307067,2.0,0.0,0.5789473684210527,0.5789473684210527,0.4375,0.5789473684210527,0.5789473684210527,1.0,1.1831941604614258
9541,REINFORCE,AP,75,69,115.83806419372559,NC(N)=NCCc1ccc(Nc2nc(N)c3cc(Cl)ccc3n2)cc1,true,1,true,0,0.410711787193223,0.0,2.4249,355.833,25.0,337.6890000000001,5.0,4.0,8.0,5.0,3.0,0.0,3.0,128.23000000000002,0.0,0.0,C17H18ClN7,918.177722449298,3.0,0.0,0.4473684210526315,0.4473684210526315,0.33333333333333337,0.4473684210526315,0.4473684210526315,1.0,1.1831941604614258
9542,REINFORCE,AP,75,70,115.83806419372559,Cc1cccc(Nc2cccc(CN3CCN(C)CC3)c2)c1,true,1,true,0,0.9313115277143018,0.0,3.4860200000000017,295.43,22.0,270.23,3.0,1.0,3.0,4.0,2.0,1.0,3.0,18.509999999999998,0.0,0.0,C19H25N3,615.5822902164491,2.0,0.0,0.375,0.368421052631579,0.375,0.375,0.375,1.0,1.1831941604614258
9543,REINFORCE,AP,75,71,115.83806419372559,Cc1nc2ccc(Nc3ccc4ccccc4c3)cc2o1,true,1,true,0,0.5566013987715608,0.0,5.033020000000002,274.32300000000004,21.0,260.21099999999996,3.0,1.0,3.0,2.0,4.0,0.0,4.0,38.06,0.0,0.0,C18H14N2O,940.1759033468707,2.0,0.0,0.4736842105263158,0.4736842105263158,0.3125,0.4736842105263158,0.4736842105263158,1.0,1.1831941604614258
9544,REINFORCE,AP,75,72,115.83806419372559,CN1CCN(Cc2ccc(C(=O)Nc3ccccc3O)cc2)CC1,true,1,true,0,0.8477183882233486,0.0,2.3919000000000006,325.4120000000001,24.0,302.228,4.0,2.0,5.0,4.0,2.0,1.0,3.0,55.81,0.0,0.0,C19H23N3O2,692.0130176156014,2.0,0.0,0.5789473684210527,0.5789473684210527,0.5208333333333333,0.5789473684210527,0.5789473684210527,1.0,1.1831941604614258
9545,REINFORCE,AP,75,73,115.83806419372559,FC(F)(F)Oc1ccc2c(CN3CCNCC3)cccc2c1,true,1,true,0,0.9424023407206034,0.0,3.143600000000002,310.31899999999996,22.0,293.18300000000005,3.0,1.0,6.0,3.0,2.0,1.0,3.0,24.5,0.0,0.0,C16H17F3N2O,651.3712441227771,2.0,3.0,0.33333333333333337,0.3157894736842105,0.33333333333333337,0.33333333333333337,0.33333333333333337,1.0,1.1831941604614258
9546,REINFORCE,AP,75,74,115.83806419372559,COc1ccccc1C=NNC1c2ccccc2-c2ccccc21,true,1,true,0,0.5722323288834291,0.0,4.388700000000004,314.38800000000003,24.0,296.244,3.0,1.0,3.0,4.0,3.0,1.0,4.0,33.62,0.0,0.0,C21H18N2O,856.1004110400268,2.0,0.0,0.368421052631579,0.368421052631579,0.35416666666666663,0.368421052631579,0.368421052631579,1.0,1.1831941604614258
9547,REINFORCE,AP,75,75,115.83806419372559,c1ccc(CNc2ccc3ccccc3n2)cc1,true,1,true,0,0.744247057417505,0.0,3.8469000000000015,234.30200000000002,18.0,220.18999999999997,2.0,1.0,2.0,3.0,3.0,0.0,3.0,24.92,0.0,0.0,C16H14N2,647.3224287718075,3.0,0.0,0.4473684210526315,0.4473684210526315,0.29166666666666663,0.4473684210526315,0.4473684210526315,1.0,1.1831941604614258
9548,REINFORCE,AP,75,76,115.83806419372559,COc1cccc2c1CN(C)C1CCN(CCc3ccccc3)CC21,true,1,true,0,0.8492370806956214,0.0,3.5412000000000026,336.479,25.0,308.25500000000005,3.0,0.0,3.0,4.0,2.0,2.0,4.0,15.71,0.0,0.0,C22H28N2O,715.2220884162668,3.0,0.0,0.5,0.3157894736842105,0.5,0.5,0.5,1.0,1.1831941604614258
9549,REINFORCE,AP,75,77,115.83806419372559,CN(C)Cc1cc2cc(Cl)ccc2s1,true,1,true,0,0.7548766933842895,0.0,3.6163000000000025,225.744,14.0,213.64799999999997,2.0,0.0,3.0,2.0,2.0,0.0,2.0,3.24,0.0,0.0,C11H12ClNS,447.48429933395767,2.0,0.0,0.4736842105263158,0.4736842105263158,0.3125,0.4736842105263158,0.4736842105263158,1.0,1.1831941604614258
9550,REINFORCE,AP,75,78,115.83806419372559,CN1CCN(CCCNc2cc(-c3ccccc3)nc3ccccc23)CC1,true,1,true,0,0.6746115369646849,0.0,3.951200000000002,360.50500000000017,27.0,332.2810000000001,4.0,1.0,4.0,6.0,3.0,1.0,4.0,31.4,0.0,0.0,C23H28N4,869.9405604621624,5.0,0.0,0.6578947368421053,0.6578947368421053,0.41666666666666663,0.6578947368421053,0.6578947368421053,1.0,1.1831941604614258
9551,REINFORCE,AP,75,79,115.83806419372559,CN1CCN(Cc2ccnc3ccccc23)CC1,true,1,true,0,0.8012287269133326,0.0,1.9822,241.33799999999997,18.0,222.18599999999995,3.0,0.0,3.0,2.0,2.0,1.0,3.0,19.37,0.0,0.0,C15H19N3,524.7546815430379,2.0,0.0,0.6052631578947368,0.6052631578947368,0.4375,0.6052631578947368,0.6052631578947368,1.0,1.1831941604614258
9552,REINFORCE,AP,75,80,115.83806419372559,CN1CCN(c2ccc(N3CCN(C)CC3)c(Br)c2)CC1,true,1,true,0,0.8058411212561807,0.0,1.9526999999999999,353.308,21.0,328.108,4.0,0.0,5.0,2.0,1.0,2.0,3.0,12.96,0.0,0.0,C16H25BrN4,477.16536229092065,1.0,0.0,0.5416666666666667,0.4473684210526315,0.5416666666666667,0.5416666666666667,0.5416666666666667,1.0,1.1831941604614258
9553,REINFORCE,AP,75,81,115.83806419372559,Cc1ccc(-c2c(N3CCN(C)CC3)c3ccccc3oc2=N)cc1,true,1,true,0,0.7785208315708559,0.0,3.639490000000002,333.43500000000006,25.0,310.25100000000003,4.0,1.0,4.0,2.0,3.0,1.0,4.0,43.47,0.0,0.0,C21H23N3O,951.032259911836,1.0,0.0,0.4375,0.26315789473684215,0.4375,0.4375,0.4375,1.0,1.1831941604614258
9554,REINFORCE,AP,75,82,115.83806419372559,CN1CC(c2ccccc2)N(c2ccccc2)C1=O,true,1,true,0,0.8040744905123767,0.0,3.2997000000000023,252.317,19.0,236.18899999999994,1.0,0.0,3.0,2.0,2.0,1.0,3.0,23.55,0.0,0.0,C16H16N2O,567.8175090038363,1.0,0.0,0.5,0.5,0.45833333333333337,0.5,0.5,1.0,1.1831941604614258
9555,REINFORCE,AP,75,83,115.83806419372559,CN1CCN(c2ccnc3cc(Cl)ccc23)CC1,true,1,true,0,0.7868067149775484,0.0,2.6400000000000006,261.75600000000003,18.0,245.62799999999996,3.0,0.0,4.0,1.0,2.0,1.0,3.0,19.37,0.0,0.0,C14H16ClN3,561.967701298815,1.0,0.0,0.631578947368421,0.631578947368421,0.45833333333333337,0.631578947368421,0.631578947368421,1.0,1.1831941604614258
9556,REINFORCE,AP,75,84,115.83806419372559,N=C(N)NN=Cc1cccc(Cl)c1,true,1,true,0,0.3773032517335979,0.0,1.15697,196.641,13.0,187.569,2.0,3.0,5.0,2.0,1.0,0.0,1.0,74.26,0.0,0.0,C8H9ClN4,334.67084098634456,2.0,0.0,0.39473684210526316,0.39473684210526316,0.27083333333333337,0.39473684210526316,0.39473684210526316,1.0,1.1831941604614258
9557,REINFORCE,AP,75,85,115.83806419372559,Nc1ccc(-c2n[nH]c3ccc(Br)cc23)cc1,true,1,true,0,0.6724219101554748,0.0,3.574600000000001,288.148,17.0,278.068,2.0,2.0,4.0,1.0,3.0,0.0,3.0,54.699999999999996,0.0,0.0,C13H10BrN3,670.6973648267208,1.0,0.0,0.368421052631579,0.368421052631579,0.33333333333333337,0.368421052631579,0.368421052631579,1.0,1.1831941604614258
9558,REINFORCE,AP,75,86,115.83806419372559,CN1CCN(c2ccc(Cl)cc2)CC1,true,1,false,12,0.7006704934265843,0.0,2.0918,210.70799999999997,14.0,195.58799999999997,2.0,0.0,3.0,1.0,1.0,1.0,2.0,6.48,0.0,0.0,C11H15ClN2,288.660770563408,1.0,0.0,0.5789473684210527,0.5789473684210527,0.39583333333333337,0.5789473684210527,0.5789473684210527,1.0,1.1831941604614258
9559,REINFORCE,AP,75,87,115.83806419372559,CN1CCN(c2ccc(NC(C)(C)C)cc2)CC1,true,1,true,0,0.8665276632409387,0.0,2.6488000000000014,247.38599999999994,18.0,222.18599999999995,3.0,1.0,3.0,2.0,1.0,1.0,2.0,18.509999999999998,0.0,0.0,C15H25N3,369.72034184367607,2.0,0.0,0.5263157894736843,0.5263157894736843,0.45833333333333337,0.5263157894736843,0.5263157894736843,1.0,1.1831941604614258
9560,REINFORCE,AP,75,88,115.83806419372559,Cc1cc(N)cc(Nc2cccc(Cl)c2)c1,true,1,true,0,0.7691863354224256,0.0,3.9742200000000016,232.71400000000003,16.0,219.60999999999999,2.0,2.0,3.0,2.0,2.0,0.0,2.0,38.05,0.0,0.0,C13H13ClN2,488.78582265260087,2.0,0.0,0.5,0.5,0.33333333333333337,0.5,0.5,1.0,1.1831941604614258
9561,REINFORCE,AP,75,89,115.83806419372559,CN1CCC2Nc3cc(OCc4ccccc4)ccc3N2CC1,true,1,true,0,0.9423916206930215,0.0,3.1591000000000022,309.4130000000001,23.0,286.229,4.0,1.0,4.0,3.0,2.0,2.0,4.0,27.740000000000002,0.0,0.0,C19H23N3O,673.5698722645236,3.0,0.0,0.5526315789473684,0.5526315789473684,0.4375,0.5526315789473684,0.5526315789473684,1.0,1.1831941604614258
9562,REINFORCE,AP,75,90,115.83806419372559,CN1CCC(Nc2ccc3cc(Cl)ccc3n2)CC1,true,1,true,0,0.9105410328314044,0.0,3.394300000000001,275.7830000000001,19.0,257.63899999999995,3.0,1.0,4.0,2.0,2.0,1.0,3.0,28.16,0.0,0.0,C15H18ClN3,576.6124369816406,2.0,0.0,0.631578947368421,0.631578947368421,0.41666666666666663,0.631578947368421,0.631578947368421,1.0,1.1831941604614258
9563,REINFORCE,AP,75,91,115.83806419372559,COc1ccc(NC(=O)c2ccccc2)cc1,true,1,true,0,0.8750194340578672,0.0,2.9475000000000016,227.26300000000003,17.0,214.15899999999996,2.0,1.0,3.0,3.0,2.0,0.0,2.0,38.33,0.0,0.0,C14H13NO2,491.39047628592255,1.0,0.0,0.39583333333333337,0.3421052631578947,0.39583333333333337,0.39583333333333337,0.39583333333333337,1.0,1.1831941604614258
9564,REINFORCE,AP,75,92,115.83806419372559,CN1c2ccccc2-c2ccccc2C1c1ccccc1,true,1,true,0,0.6086336150586759,0.0,4.892800000000004,271.363,21.0,254.22699999999992,1.0,0.0,1.0,1.0,3.0,1.0,4.0,3.24,0.0,0.0,C20H17N,776.6065567670678,1.0,0.0,0.39473684210526316,0.39473684210526316,0.35416666666666663,0.39473684210526316,0.39473684210526316,1.0,1.1831941604614258
9565,REINFORCE,AP,75,93,115.83806419372559,CN1CCN(Cc2ccc(COc3ccc4c(c3)CCCN4C3CC3)cc2)CC1,true,1,true,0,0.7426505676062134,0.0,3.9280000000000035,391.5590000000002,29.0,358.29500000000013,4.0,0.0,4.0,6.0,2.0,3.0,5.0,18.950000000000003,0.0,0.0,C25H33N3O,822.4621534973929,3.0,0.0,0.4473684210526315,0.4473684210526315,0.41666666666666663,0.4473684210526315,0.4473684210526315,1.0,1.1831941604614258
9566,REINFORCE,AP,75,94,115.83806419372559,CN1CCN(c2ccc(F)cc2)CC1,true,1,false,1,0.6693767394471055,0.0,1.5775000000000001,194.25299999999996,14.0,179.13299999999995,2.0,0.0,3.0,1.0,1.0,1.0,2.0,6.48,0.0,0.0,C11H15FN2,288.660770563408,1.0,1.0,0.5263157894736843,0.5263157894736843,0.41666666666666663,0.5263157894736843,0.5263157894736843,1.0,1.1831941604614258
9567,REINFORCE,AP,75,95,115.83806419372559,CC1=C(C(=O)Nc2ccc(N3CCN(C)CC3)cc2)CN1,true,1,true,0,0.8779316140755518,0.0,1.2541,286.37899999999996,21.0,264.2029999999999,4.0,2.0,5.0,3.0,1.0,2.0,3.0,47.61000000000001,0.0,0.0,C16H22N4O,556.1446378291133,1.0,0.0,0.4473684210526315,0.4473684210526315,0.39583333333333337,0.4473684210526315,0.4473684210526315,1.0,1.1831941604614258
9568,REINFORCE,AP,75,96,115.83806419372559,CCC(=O)Nc1ccc(C2=NNC(c3ccccc3)C2)cc1,true,1,true,0,0.906537057301705,0.0,3.4738000000000016,293.37000000000006,22.0,274.21799999999996,3.0,2.0,4.0,4.0,2.0,1.0,3.0,53.49,0.0,0.0,C18H19N3O,677.238273439944,1.0,0.0,0.39583333333333337,0.368421052631579,0.39583333333333337,0.39583333333333337,0.39583333333333337,1.0,1.1831941604614258
9569,REINFORCE,AP,75,97,115.83806419372559,CN1CCN(C2c3ccccc3CCc3ccccc32)CC1,true,1,true,0,0.7966221687108321,0.0,3.1220000000000017,292.42600000000004,22.0,268.234,2.0,0.0,2.0,1.0,2.0,2.0,4.0,6.48,0.0,0.0,C20H24N2,608.7617496026902,1.0,0.0,0.7631578947368421,0.7631578947368421,0.5416666666666667,0.7631578947368421,0.7631578947368421,1.0,1.1831941604614258
9570,REINFORCE,AP,75,98,115.83806419372559,O=C1NN=C(c2ccc(F)cc2)Nc2ccccc21,true,1,true,0,0.8213898590765637,0.0,2.3428000000000004,255.252,19.0,245.17199999999994,3.0,2.0,5.0,1.0,2.0,1.0,3.0,53.49,0.0,0.0,C14H10FN3O,664.6462238772622,1.0,1.0,0.368421052631579,0.368421052631579,0.29166666666666663,0.368421052631579,0.368421052631579,1.0,1.1831941604614258
9571,REINFORCE,AP,75,99,115.83806419372559,COc1ccccc1C=NNC(=O)Nc1cccc(-c2ccccc2)c1,true,1,true,0,0.527482594806256,0.0,4.517800000000003,345.40200000000004,26.0,326.25000000000006,3.0,2.0,5.0,5.0,3.0,0.0,3.0,62.72,0.0,0.0,C21H19N3O2,907.894460790715,1.0,0.0,0.39583333333333337,0.2894736842105263,0.39583333333333337,0.39583333333333337,0.39583333333333337,1.0,1.1831941604614258
9572,REINFORCE,AP,75,100,115.83806419372559,Nc1ccc(-c2cccc(C(F)(F)F)c2)cc1Cl,true,1,true,0,0.7533391987246504,0.0,4.608000000000001,271.669,18.0,262.5969999999999,1.0,1.0,5.0,1.0,2.0,0.0,2.0,26.02,0.0,0.0,C13H9ClF3N,578.689306735575,1.0,3.0,0.3125,0.2894736842105263,0.3125,0.3125,0.3125,1.0,1.1831941604614258
9573,REINFORCE,AP,75,101,115.83806419372559,CN1CCN(c2cccc(C(=N)N)c2)CC1,true,1,false,1,0.5679322395539718,0.0,0.7224700000000002,218.30399999999995,16.0,200.15999999999997,3.0,2.0,4.0,2.0,1.0,1.0,2.0,56.35,0.0,0.0,C12H18N4,380.36007965996885,1.0,0.0,0.5,0.5,0.45833333333333337,0.5,0.5,1.0,1.1831941604614258
9574,REINFORCE,AP,75,102,115.83806419372559,CN1CCN(CCCN2CCN(C(=O)Nc3cccc(F)c3)CC2)CC1,true,1,true,0,0.8632000793434071,0.0,1.6127000000000002,363.48100000000017,26.0,333.2410000000001,4.0,1.0,7.0,5.0,1.0,2.0,3.0,42.06,0.0,0.0,C19H30FN5O,583.0471413925628,4.0,1.0,0.5526315789473684,0.5526315789473684,0.5416666666666667,0.5526315789473684,0.5526315789473684,1.0,1.1831941604614258
9575,REINFORCE,AP,75,103,115.83806419372559,CCC1(NC(=O)N2Cc3ccccc3C2)CCN(C)C1,true,1,true,0,0.896361808625002,0.0,2.1961000000000004,273.38000000000005,20.0,250.19599999999997,2.0,1.0,4.0,2.0,1.0,2.0,3.0,35.580000000000005,0.0,0.0,C16H23N3O,491.1983782446571,2.0,0.0,0.42105263157894735,0.42105263157894735,0.29166666666666663,0.42105263157894735,0.42105263157894735,1.0,1.1831941604614258
9576,REINFORCE,AP,75,104,115.83806419372559,CN1CCN(c2cccc3c2-c2cc(Cl)ccc2C3=NNC(N)=S)CC1,true,1,true,0,0.5243625861168086,0.0,2.657800000000001,385.92400000000015,26.0,365.764,4.0,2.0,7.0,2.0,2.0,2.0,4.0,56.89,0.0,0.0,C19H20ClN5S,902.7976476854968,2.0,0.0,0.42105263157894735,0.42105263157894735,0.39583333333333337,0.42105263157894735,0.42105263157894735,1.0,1.1831941604614258
9577,REINFORCE,AP,75,105,115.83806419372559,CCOCC(=O)NNc1ccc2ccccc2c1,true,1,true,0,0.7935236278702906,0.0,2.3194,244.29400000000004,18.0,228.16599999999997,3.0,2.0,4.0,5.0,2.0,0.0,2.0,50.36,0.0,0.0,C14H16N2O2,540.0599590705228,3.0,0.0,0.42105263157894735,0.42105263157894735,0.27083333333333337,0.42105263157894735,0.42105263157894735,1.0,1.1831941604614258
9578,REINFORCE,AP,75,106,115.83806419372559,CN1CCN(c2ccc3ccccc3c2)CC1,true,1,false,2,0.7371850203828694,0.0,2.5916000000000006,226.32299999999998,17.0,208.17899999999995,2.0,0.0,2.0,1.0,2.0,1.0,3.0,6.48,0.0,0.0,C15H18N2,513.0656760539642,1.0,0.0,0.5789473684210527,0.5789473684210527,0.41666666666666663,0.5789473684210527,0.5789473684210527,1.0,1.1831941604614258
9579,REINFORCE,AP,75,107,115.83806419372559,CN1CCN(CCNCc2ccccc2-c2ccccc2)CC1,true,1,true,0,0.8278332857108486,0.0,2.6906000000000008,309.4570000000001,23.0,282.241,3.0,1.0,3.0,6.0,2.0,1.0,3.0,18.509999999999998,0.0,0.0,C20H27N3,588.8455981914076,5.0,0.0,0.7105263157894737,0.7105263157894737,0.39583333333333337,0.7105263157894737,0.7105263157894737,1.0,1.1831941604614258
9580,REINFORCE,AP,75,108,115.83806419372559,CN1CCN(c2ccccc2)C(CCc2ccccc2)C1,true,1,true,0,0.8462592569177402,0.0,3.4398000000000026,280.415,21.0,256.22299999999996,2.0,0.0,2.0,4.0,2.0,1.0,3.0,6.48,0.0,0.0,C19H24N2,538.0075161262828,3.0,0.0,0.5416666666666667,0.5263157894736843,0.5416666666666667,0.5416666666666667,0.5416666666666667,1.0,1.1831941604614258
9581,REINFORCE,AP,75,109,115.83806419372559,c1ccc(CN2CN3CCC2CC3)cc1,true,1,true,0,0.7227129041023662,0.0,1.9241,202.301,15.0,184.15699999999998,2.0,0.0,2.0,2.0,1.0,3.0,4.0,6.48,0.0,0.0,C13H18N2,314.56765475096734,2.0,0.0,0.29166666666666663,0.2894736842105263,0.29166666666666663,0.29166666666666663,0.29166666666666663,1.0,1.1831941604614258
9582,REINFORCE,AP,75,110,115.83806419372559,O=C1c2ccccc2C(=O)c2c(NCc3ccccc3)cccc21,true,1,true,0,0.6198588694967079,0.0,4.074100000000002,313.356,24.0,298.23600000000005,3.0,1.0,3.0,3.0,3.0,1.0,4.0,46.17,0.0,0.0,C21H15NO2,945.0623859647877,3.0,0.0,0.375,0.26315789473684215,0.375,0.375,0.375,1.0,1.1831941604614258
9583,REINFORCE,AP,75,111,115.83806419372559,CCN(CC)CCCNc1nc2ccccc2c2ccccc12,true,1,true,0,0.513191963416992,0.0,4.531800000000003,307.44100000000003,23.0,282.241,3.0,1.0,3.0,7.0,3.0,0.0,3.0,28.16,0.0,0.0,C20H25N3,778.0426311133779,7.0,0.0,0.4736842105263158,0.4736842105263158,0.33333333333333337,0.4736842105263158,0.4736842105263158,1.0,1.1831941604614258
9584,REINFORCE,AP,75,112,115.83806419372559,O=C1Nc2ccc(Cl)cc2C1Nc1ccc2ccccc2c1,true,1,true,0,0.7262370870528303,0.0,4.598500000000002,308.76800000000003,22.0,295.66400000000004,2.0,2.0,4.0,2.0,3.0,1.0,4.0,41.13,0.0,0.0,C18H13ClN2O,891.1444809749553,2.0,0.0,0.33333333333333337,0.3157894736842105,0.33333333333333337,0.33333333333333337,0.33333333333333337,1.0,1.1831941604614258
9585,REINFORCE,AP,75,113,115.83806419372559,c1ccc2ccccc2c1,true,1,false,2,0.5114311994891171,0.0,2.839800000000001,128.17399999999995,10.0,120.10999999999997,0.0,0.0,0.0,0.0,2.0,0.0,2.0,0.0,0.0,0.0,C10H8,271.01518240905483,0.0,0.0,0.2894736842105263,0.2894736842105263,0.22916666666666663,0.2894736842105263,0.2894736842105263,1.0,1.1831941604614258
9586,REINFORCE,AP,75,114,115.83806419372559,N=C(N)NN=C1C(=O)Nc2cccc(-c3ccccc3)c21,true,1,true,0,0.38017883613028525,0.0,1.4928700000000001,279.30300000000005,21.0,266.19899999999996,3.0,4.0,6.0,2.0,2.0,1.0,3.0,103.36000000000001,0.0,0.0,C15H13N5O,751.9142233703539,2.0,0.0,0.39473684210526316,0.39473684210526316,0.3125,0.39473684210526316,0.39473684210526316,1.0,1.1831941604614258
9587,REINFORCE,AP,75,115,115.83806419372559,Clc1ccc(-c2ccccc2)cc1,true,1,false,1,0.6346172430604238,0.0,4.007000000000002,188.657,13.0,179.58499999999995,0.0,0.0,1.0,1.0,2.0,0.0,2.0,0.0,0.0,0.0,C12H9Cl,375.62904776215686,1.0,0.0,0.368421052631579,0.368421052631579,0.29166666666666663,0.368421052631579,0.368421052631579,1.0,1.1831941604614258
9588,REINFORCE,AP,75,116,115.83806419372559,Oc1ccc(-c2ccccc2)cc1,true,1,true,0,0.6969384886852025,0.0,3.0592000000000015,170.211,13.0,160.13099999999997,1.0,1.0,1.0,1.0,2.0,0.0,2.0,20.23,0.0,0.0,C12H10O,375.62904776215686,1.0,0.0,0.3421052631578947,0.3421052631578947,0.29166666666666663,0.3421052631578947,0.3421052631578947,1.0,1.1831941604614258
9589,REINFORCE,AP,75,117,115.83806419372559,Cc1ccc(CN2CCN(C)CC2)n1-c1ccccc1,true,1,true,0,0.8481115824379272,0.0,2.5331200000000003,269.392,20.0,246.20799999999997,3.0,0.0,3.0,3.0,2.0,1.0,3.0,11.41,0.0,0.0,C17H23N3,550.8690228313094,2.0,0.0,0.375,0.3157894736842105,0.375,0.375,0.375,1.0,1.1831941604614258
9590,REINFORCE,AP,75,118,115.83806419372559,O=C(Cc1ccc2ccccc2c1)N1CCN(C(=O)c2ccccc2)CC1,true,1,true,0,0.7202470622971658,0.0,3.366900000000002,358.4410000000001,27.0,336.2650000000001,2.0,0.0,4.0,3.0,3.0,1.0,4.0,40.620000000000005,0.0,0.0,C23H22N2O2,960.2889961257414,2.0,0.0,0.5208333333333333,0.2894736842105263,0.5208333333333333,0.5208333333333333,0.5208333333333333,1.0,1.1831941604614258
9591,REINFORCE,AP,75,119,115.83806419372559,CC1CC(=O)N(C2CCN(C)CC2c2ccccc2)C(=O)C1,true,1,true,0,0.7867082131009662,0.0,2.2594000000000003,300.4020000000001,22.0,276.21,3.0,0.0,4.0,2.0,1.0,2.0,3.0,40.620000000000005,0.0,0.0,C18H24N2O2,539.465400530097,1.0,0.0,0.39583333333333337,0.368421052631579,0.39583333333333337,0.39583333333333337,0.39583333333333337,1.0,1.1831941604614258
9592,REINFORCE,AP,75,120,115.83806419372559,CN1CC2CCN(Cc3ccccc3)C2C1,true,1,true,0,0.7438518918832323,0.0,1.8224999999999998,216.32800000000003,16.0,196.16799999999995,2.0,0.0,2.0,2.0,1.0,2.0,3.0,6.48,0.0,0.0,C14H20N2,349.0127910225911,2.0,0.0,0.5,0.5,0.47916666666666663,0.5,0.5,1.0,1.1831941604614258
9593,REINFORCE,AP,75,121,115.83806419372559,Cc1ccc(S(=O)(=O)N=C(Nc2ccccc2)Nc2ccccc2)cc1,true,1,true,0,0.5351654729960356,0.0,4.263920000000002,365.4580000000001,26.0,346.30600000000015,2.0,2.0,6.0,4.0,3.0,0.0,3.0,70.56,0.0,0.0,C20H19N3O2S,940.7458794539654,4.0,0.0,0.29166666666666663,0.23684210526315785,0.29166666666666663,0.29166666666666663,0.29166666666666663,1.0,1.1831941604614258
9594,REINFORCE,AP,75,122,115.83806419372559,Cc1ccnc2c3ccccc3n(C)c12,true,1,true,0,0.5400658806680733,0.0,3.0349200000000014,196.253,15.0,184.15699999999998,2.0,0.0,2.0,0.0,3.0,0.0,3.0,17.82,0.0,0.0,C13H12N2,649.9894248511663,0.0,0.0,0.42105263157894735,0.42105263157894735,0.33333333333333337,0.42105263157894735,0.42105263157894735,1.0,1.1831941604614258
9595,REINFORCE,AP,75,123,115.83806419372559,Cc1cc(-c2cccc(F)c2)nc(NN2CCN(C)CC2)n1,true,1,true,0,0.9410380876292089,0.0,2.16542,301.3690000000001,22.0,281.209,5.0,1.0,6.0,3.0,2.0,1.0,3.0,44.290000000000006,0.0,0.0,C16H20FN5,652.7344671911819,2.0,1.0,0.2894736842105263,0.2894736842105263,0.27083333333333337,0.2894736842105263,0.2894736842105263,1.0,1.1831941604614258
9596,REINFORCE,AP,75,124,115.83806419372559,Cn1nc(CNc2ccc(Cl)cn2)cc1Cl,true,1,true,0,0.9187711504089853,0.0,2.734000000000001,257.124,16.0,247.04399999999998,4.0,1.0,6.0,3.0,2.0,0.0,2.0,42.74,0.0,0.0,C10H10Cl2N4,458.56429363750186,3.0,0.0,0.39473684210526316,0.39473684210526316,0.29166666666666663,0.39473684210526316,0.39473684210526316,1.0,1.1831941604614258
9597,REINFORCE,AP,75,125,115.83806419372559,Nc1ccc(-c2ccc(CNC3CCCc4ccccc43)c(Cl)c2)cn1,true,1,true,0,0.673394196006352,0.0,5.151400000000004,363.892,26.0,341.71600000000007,3.0,2.0,4.0,4.0,3.0,1.0,4.0,50.94,0.0,0.0,C22H22ClN3,905.5158560547213,3.0,0.0,0.33333333333333337,0.3157894736842105,0.33333333333333337,0.33333333333333337,0.33333333333333337,1.0,1.1831941604614258
9598,REINFORCE,AP,75,126,115.83806419372559,NC(=O)c1ccc(-c2ccccc2Cl)nc1,true,1,true,0,0.8650359415048311,0.0,2.5009000000000006,232.67,16.0,223.59799999999998,2.0,1.0,4.0,2.0,2.0,0.0,2.0,55.980000000000004,0.0,0.0,C12H9ClN2O,522.796899078386,1.0,0.0,0.42105263157894735,0.42105263157894735,0.27083333333333337,0.42105263157894735,0.42105263157894735,1.0,1.1831941604614258
9599,REINFORCE,AP,75,127,115.83806419372559,CN1CCN(CC2=NN(C)C(C)(c3cccs3)C2)CC1,true,1,true,0,0.8493875201727586,0.0,1.9022000000000001,292.4520000000001,20.0,268.26,5.0,0.0,5.0,3.0,1.0,2.0,3.0,22.08,0.0,0.0,C15H24N4S,476.07277068294496,2.0,0.0,0.5263157894736843,0.5263157894736843,0.45833333333333337,0.5263157894736843,0.5263157894736843,1.0,1.1831941604614258
