,model,task,step,batch_idx,absolute_time,smiles,valid,valid_score,unique,occurrences,desc_QED,desc_SAscore,desc_CLogP,desc_MolWt,desc_HeavyAtomCount,desc_HeavyAtomMolWt,desc_NumHAcceptors,desc_NumHDonors,desc_NumHeteroatoms,desc_NumRotatableBonds,desc_NumAromaticRings,desc_NumAliphaticRings,desc_RingCount,desc_TPSA,desc_PenLogP,desc_FormalCharge,desc_MolecularFormula,desc_Bertz,desc_MaxConsecutiveRotatableBonds,desc_FlourineCount,BACE1_Sim,BACE1_Cmpd1_Sim,BACE1_Cmpd2_Sim,BACE1_Cmpd3_Sim,raw_BACE1_Sim,single,filter,score_time
2048,REINFORCE,BACE1,17,0,30.3543803691864,CC(Oc1cc(C#N)ccc1-c1ccnn1C)C(C)(C)O,true,1,true,0,0.9365339195218517,0.0,2.49698,285.347,21.0,266.195,5.0,1.0,5.0,4.0,2.0,0.0,2.0,71.07,0.0,0.0,C16H19N3O2,677.5610277824546,3.0,0.0,0.37777777777777777,0.3392857142857143,0.37777777777777777,0.30508474576271183,0.37777777777777777,0.37777777777777777,1.0,1.087083339691162
2049,REINFORCE,BACE1,17,1,30.3543803691864,OCCCC=CC(Br)CO,true,1,true,0,0.4036290304512428,0.0,1.0709,209.08299999999997,10.0,195.97899999999998,2.0,2.0,3.0,5.0,0.0,0.0,0.0,40.46,0.0,0.0,C7H13BrO2,93.60689651177816,3.0,0.0,0.1777777777777778,0.0892857142857143,0.1777777777777778,0.1694915254237288,0.1777777777777778,0.1777777777777778,1.0,1.087083339691162
2050,REINFORCE,BACE1,17,2,30.3543803691864,CC(C)CNC(=O)c1nncn1C,true,1,true,0,0.7260970335230268,0.0,0.2008999999999997,182.22699999999998,13.0,168.11499999999998,4.0,1.0,5.0,3.0,1.0,0.0,1.0,59.81,0.0,0.0,C8H14N4O,292.08906288428426,2.0,0.0,0.28888888888888886,0.1607142857142857,0.28888888888888886,0.18644067796610164,0.28888888888888886,0.28888888888888886,1.0,1.087083339691162
2051,REINFORCE,BACE1,17,3,30.3543803691864,CCC(c1ccccc1C(F)(F)F)N1C(=O)c2ccccc2C1=O,true,1,true,0,0.7782145021435701,0.0,4.452700000000004,333.309,24.0,319.19700000000006,2.0,0.0,6.0,3.0,2.0,1.0,3.0,37.38,0.0,0.0,C18H14F3NO2,778.9063265496062,3.0,3.0,0.375,0.375,0.24444444444444446,0.3220338983050848,0.375,0.375,1.0,1.087083339691162
2052,REINFORCE,BACE1,17,4,30.3543803691864,CCc1cc(C(=O)O)c(SC)n1-c1cc(F)ccc1C,true,1,true,0,0.8691094894382293,0.0,3.907320000000002,293.363,20.0,277.23499999999996,3.0,1.0,5.0,4.0,2.0,0.0,2.0,42.23,0.0,0.0,C15H16FNO2S,664.1333917096757,1.0,1.0,0.4222222222222223,0.3035714285714286,0.4222222222222223,0.2542372881355932,0.4222222222222223,0.4222222222222223,1.0,1.087083339691162
2053,REINFORCE,BACE1,17,5,30.3543803691864,CCNC(=O)NC(Cc1ccccc1)CN(C)C(=O)c1ccccc1F,true,1,true,0,0.8004308962290666,0.0,2.828100000000001,357.4290000000001,26.0,333.237,2.0,2.0,6.0,7.0,2.0,0.0,2.0,61.440000000000005,0.0,0.0,C20H24FN3O2,736.8459696931448,5.0,1.0,0.375,0.375,0.28888888888888886,0.3728813559322034,0.375,0.375,1.0,1.087083339691162
2054,REINFORCE,BACE1,17,6,30.3543803691864,Cc1cccc(CN(Cc2ccccc2N(C)Cc2ccccc2)S(C)(=O)=O)n1,true,1,true,0,0.564528641011352,0.0,3.9882200000000028,409.5550000000001,29.0,382.3390000000001,4.0,0.0,6.0,8.0,3.0,0.0,3.0,53.510000000000005,0.0,0.0,C23H27N3O2S,1052.4828045804302,5.0,0.0,0.4067796610169492,0.3214285714285714,0.2666666666666667,0.4067796610169492,0.4067796610169492,0.4067796610169492,1.0,1.087083339691162
2055,REINFORCE,BACE1,17,7,30.3543803691864,CN1CCN(c2cc(F)c(-c3ccc(=O)n(C)c3)c(C(=O)N(c3ccccn3)C3CCCCC3)c2)C(F)C1,true,1,true,0,0.45909761928863724,0.0,4.613300000000004,521.6120000000003,38.0,488.34800000000035,6.0,0.0,9.0,5.0,3.0,2.0,5.0,61.68,0.0,0.0,C29H33F2N5O2,1356.8196042831796,2.0,2.0,0.2857142857142857,0.2857142857142857,0.0,0.27118644067796616,0.2857142857142857,0.2857142857142857,1.0,1.087083339691162
2056,REINFORCE,BACE1,17,8,30.3543803691864,O=c1[nH]c(NCCCN2CCN(c3cccc4cnccc34)CC2)nc2c1CCOC2,true,1,true,0,0.5901774297496555,0.0,2.014999999999999,420.51700000000034,31.0,392.2930000000002,7.0,2.0,8.0,6.0,3.0,2.0,5.0,86.38000000000001,0.0,0.0,C23H28N6O2,1101.4121616584341,5.0,0.0,0.25,0.25,0.19999999999999996,0.22033898305084743,0.25,0.25,1.0,1.087083339691162
2057,REINFORCE,BACE1,17,9,30.3543803691864,Cc1ccc(CN2CCC(C(O)(c3ccccc3)c3ccccc3)CC2)cc1,true,1,true,0,0.6709080291627965,0.0,5.143120000000005,371.52400000000017,28.0,342.29200000000014,2.0,1.0,2.0,5.0,3.0,1.0,4.0,23.47,0.0,0.0,C26H29NO,825.8259741476721,3.0,0.0,0.37777777777777777,0.3392857142857143,0.37777777777777777,0.3389830508474576,0.37777777777777777,0.37777777777777777,1.0,1.087083339691162
2058,REINFORCE,BACE1,17,10,30.3543803691864,Cc1cccc(CN2CCC3(CCC(=O)N(c4ccccn4)C3)CC2)n1,true,1,true,0,0.8529340184447789,0.0,3.1942200000000023,350.4660000000001,26.0,324.25800000000004,4.0,0.0,5.0,3.0,2.0,2.0,4.0,49.330000000000005,0.0,0.0,C21H26N4O,768.5903619162947,2.0,0.0,0.37777777777777777,0.25,0.37777777777777777,0.3728813559322034,0.37777777777777777,0.37777777777777777,1.0,1.087083339691162
2059,REINFORCE,BACE1,17,11,30.3543803691864,CC(=O)N1CC(C)c2ccc(S(=O)(=O)N3CCCC(C(=O)N4CCCC4)C3)cc21,true,1,true,0,0.7523744385818745,0.0,2.1797000000000004,419.5470000000003,29.0,390.3150000000002,4.0,0.0,8.0,3.0,1.0,3.0,4.0,78.0,0.0,0.0,C21H29N3O4S,923.8539383217498,2.0,0.0,0.38983050847457623,0.2321428571428571,0.15555555555555556,0.38983050847457623,0.38983050847457623,0.38983050847457623,1.0,1.087083339691162
2060,REINFORCE,BACE1,17,12,30.3543803691864,COc1ccc(CNC(=O)N(c2ccccc2)C2CCCCC2)c(OC)c1,true,1,true,0,0.8002034176280522,0.0,4.752700000000004,368.47700000000026,27.0,340.2530000000001,3.0,1.0,5.0,6.0,2.0,1.0,3.0,50.8,0.0,0.0,C22H28N2O3,742.4780390949878,2.0,0.0,0.38983050847457623,0.3214285714285714,0.33333333333333337,0.38983050847457623,0.38983050847457623,0.38983050847457623,1.0,1.087083339691162
2061,REINFORCE,BACE1,17,13,30.3543803691864,CC(=O)NC1C(N)OC(NCc2ccc(C(=O)O)cc2)C(O)C1O,true,1,true,0,0.3725115932735601,0.0,-1.657999999999997,339.348,24.0,318.18000000000006,7.0,6.0,9.0,5.0,1.0,1.0,2.0,154.14000000000001,0.0,0.0,C15H21N3O6,593.3771148348768,3.0,0.0,0.33333333333333337,0.3035714285714286,0.33333333333333337,0.27118644067796616,0.33333333333333337,0.33333333333333337,1.0,1.087083339691162
2062,REINFORCE,BACE1,17,14,30.3543803691864,CCc1ccccc1NS(=O)(=O)c1ccc2c(c1)C(C(=O)OC)=C(O)CO2,true,1,true,0,0.7626672989117346,0.0,2.8843000000000005,389.42900000000014,27.0,370.27700000000016,6.0,2.0,8.0,5.0,2.0,1.0,3.0,101.93,0.0,0.0,C19H19NO6S,1026.2454378388202,3.0,0.0,0.3389830508474576,0.3035714285714286,0.2666666666666667,0.3389830508474576,0.3389830508474576,0.3389830508474576,1.0,1.087083339691162
2063,REINFORCE,BACE1,17,15,30.3543803691864,CC(O)C1CCC2C=C(C=CC(=O)N(C)C3CCCCC3)Nc3c(c(=O)oc4ccccc34)CC21,true,1,true,0,0.47852930342515804,0.0,5.015400000000005,476.6170000000003,35.0,440.3290000000003,5.0,2.0,6.0,4.0,2.0,3.0,5.0,82.78,0.0,0.0,C29H36N2O4,1204.8735898446125,1.0,0.0,0.1964285714285714,0.1964285714285714,0.0888888888888889,0.15254237288135597,0.1964285714285714,0.1964285714285714,1.0,1.087083339691162
2064,REINFORCE,BACE1,17,16,30.3543803691864,Cc1ccc2[nH]cc(C3CCN(C(=O)C4CCS(=O)(=O)C4)CC3)c2c1,true,1,true,0,0.8948847508503354,0.0,2.617020000000001,360.47900000000016,25.0,336.28700000000015,3.0,1.0,6.0,2.0,2.0,2.0,4.0,70.24000000000001,0.0,0.0,C19H24N2O3S,907.8921858559825,1.0,0.0,0.3728813559322034,0.2321428571428571,0.24444444444444446,0.3728813559322034,0.3728813559322034,0.3728813559322034,1.0,1.087083339691162
2065,REINFORCE,BACE1,17,17,30.3543803691864,CN1CCc2cc(N3CCCC(C(=O)N4CCOC(C)(C)C4)C3)ccc21,true,1,true,0,0.8149375849743535,0.0,2.5327,357.4980000000001,26.0,326.25000000000006,4.0,0.0,5.0,2.0,1.0,3.0,4.0,36.019999999999996,0.0,0.0,C21H31N3O2,687.833804859954,1.0,0.0,0.3728813559322034,0.3214285714285714,0.2666666666666667,0.3728813559322034,0.3728813559322034,0.3728813559322034,1.0,1.087083339691162
2066,REINFORCE,BACE1,17,18,30.3543803691864,CC(C)(C)OC(=O)NC1CCn2cncc2C1,true,1,true,0,0.8088006523822537,0.0,1.7226000000000001,237.30299999999997,17.0,218.15099999999998,4.0,1.0,5.0,1.0,1.0,1.0,2.0,56.15,0.0,0.0,C12H19N3O2,406.1283945991838,1.0,0.0,0.33333333333333337,0.2142857142857143,0.33333333333333337,0.2542372881355932,0.33333333333333337,0.33333333333333337,1.0,1.087083339691162
2067,REINFORCE,BACE1,17,19,30.3543803691864,C1CCC(COC)(C2OC(=O)C3C4C5(C)CCC(C4(C)C)C35C(O5)C2OC(=O)C=Cc2ccccc2)C1,false,0,true,0,0.0,0.0,0.0,0.0,0.0,0.0,0.0,0.0,0.0,0.0,0.0,0.0,0.0,0.0,0.0,0.0,0.0,0.0,0.0,0.0,0.0,0.0,0.0,0.0,1e-06,1e-06,1.0,1.087083339691162
2068,REINFORCE,BACE1,17,20,30.3543803691864,CC(=O)NC(C(C)O)C1ON=CC(N)C1OC1CCCCC1OC(C)=O,true,1,true,0,0.5527924924639914,0.0,-0.1566999999999985,371.43400000000025,26.0,342.2020000000001,8.0,3.0,9.0,6.0,0.0,2.0,2.0,132.47,0.0,0.0,C17H29N3O6,526.6276018211673,3.0,0.0,0.3389830508474576,0.1607142857142857,0.19999999999999996,0.3389830508474576,0.3389830508474576,0.3389830508474576,1.0,1.087083339691162
2069,REINFORCE,BACE1,17,21,30.3543803691864,Cc1ccn2c(-c3ccc(C(=O)N(C)C)cc3)nc(C3CCCC3)c2c1,true,1,true,0,0.6903738420126552,0.0,4.669120000000005,347.46200000000016,26.0,322.2620000000001,3.0,0.0,4.0,3.0,3.0,1.0,4.0,37.61,0.0,0.0,C22H25N3O,947.4278551281777,1.0,0.0,0.4915254237288136,0.3392857142857143,0.3555555555555555,0.4915254237288136,0.4915254237288136,0.4915254237288136,1.0,1.087083339691162
2070,REINFORCE,BACE1,17,22,30.3543803691864,CC1C(=O)N(C2(c3ccc(S(N)(=O)=O)cc3)CCCCC2)CC1N1CCCC1,true,1,true,0,0.8338776013911776,0.0,2.4360999999999997,405.56400000000036,28.0,374.31600000000014,4.0,1.0,7.0,4.0,1.0,3.0,4.0,83.71,0.0,0.0,C21H31N3O3S,824.9567101452226,1.0,0.0,0.3728813559322034,0.25,0.3555555555555555,0.3728813559322034,0.3728813559322034,0.3728813559322034,1.0,1.087083339691162
2071,REINFORCE,BACE1,17,23,30.3543803691864,COCCCNC(=O)C1CCN(C(=O)c2ccc(C)o2)CC1,true,1,true,0,0.8102025196694924,0.0,1.5929200000000001,308.3780000000001,22.0,284.18600000000004,4.0,1.0,6.0,6.0,1.0,1.0,2.0,71.78,0.0,0.0,C16H24N2O4,503.999013459687,4.0,0.0,0.3555555555555555,0.2678571428571429,0.3555555555555555,0.30508474576271183,0.3555555555555555,0.3555555555555555,1.0,1.087083339691162
2072,REINFORCE,BACE1,17,24,30.3543803691864,COc1cccc(C2CCN(Cc3nc(-c4ccc(C)cc4C)oc3C)CC2)n1,true,1,true,0,0.6090817942480696,0.0,5.050060000000005,391.5150000000002,29.0,362.28300000000013,5.0,0.0,5.0,5.0,3.0,1.0,4.0,51.39,0.0,0.0,C24H29N3O2,987.5408943122421,2.0,0.0,0.3571428571428571,0.3571428571428571,0.3555555555555555,0.3389830508474576,0.3571428571428571,0.3571428571428571,1.0,1.087083339691162
2073,REINFORCE,BACE1,17,25,30.3543803691864,CCc1ccc(S(=O)(=O)NC(=O)c2ccc(N3CCC(Oc4cncnc4C)CC3)c(C(F)(F)F)c2)c(F)c1,true,1,true,0,0.4149570816049047,0.0,4.671820000000004,566.5770000000003,39.0,540.3690000000003,7.0,1.0,13.0,7.0,3.0,1.0,4.0,101.49000000000001,0.0,0.0,C26H26F4N4O4S,1473.0196089065048,2.0,4.0,0.25,0.25,0.0,0.18644067796610164,0.25,0.25,1.0,1.087083339691162
2074,REINFORCE,BACE1,17,26,30.3543803691864,CC(C)(C)c1csc(NC(=O)C2CCOCC2)n1,true,1,true,0,0.8970020763417342,0.0,2.8057000000000007,268.38199999999995,18.0,248.22199999999995,4.0,1.0,5.0,2.0,1.0,1.0,2.0,51.22,0.0,0.0,C13H20N2O2S,416.8708890679602,1.0,0.0,0.38983050847457623,0.25,0.37777777777777777,0.38983050847457623,0.38983050847457623,0.38983050847457623,1.0,1.087083339691162
2075,REINFORCE,BACE1,17,27,30.3543803691864,COCC1(C(=O)N2CCN(C)c3ccccc3C2)CCN(CC(=O)N(C)C)C1,true,1,true,0,0.749999059304058,0.0,0.8917000000000019,388.5120000000003,28.0,356.2560000000001,5.0,0.0,7.0,5.0,1.0,2.0,3.0,56.330000000000005,0.0,0.0,C21H32N4O3,723.3571754747769,3.0,0.0,0.3220338983050848,0.2321428571428571,0.2222222222222222,0.3220338983050848,0.3220338983050848,0.3220338983050848,1.0,1.087083339691162
2076,REINFORCE,BACE1,17,28,30.3543803691864,N#Cc1cccc(C2(F)CCN(C(=O)c3ccccn3)C2)c1,true,1,true,0,0.8555531993159209,0.0,2.664180000000001,295.317,22.0,281.205,3.0,0.0,5.0,2.0,2.0,1.0,3.0,56.99,0.0,0.0,C17H14FN3O,741.069311953196,1.0,1.0,0.4067796610169492,0.3571428571428571,0.37777777777777777,0.4067796610169492,0.4067796610169492,0.4067796610169492,1.0,1.087083339691162
2077,REINFORCE,BACE1,17,29,30.3543803691864,Cc1noc(C)c1CC(=O)N1CCN(c2cnn(C)c2)CC(O)C1,true,1,true,0,0.8678525147472249,0.0,0.27713999999999955,333.3920000000001,24.0,310.2080000000001,7.0,1.0,8.0,3.0,2.0,1.0,3.0,87.63000000000001,0.0,0.0,C16H23N5O3,703.6213601475488,2.0,0.0,0.35593220338983056,0.3214285714285714,0.3555555555555555,0.35593220338983056,0.35593220338983056,0.35593220338983056,1.0,1.087083339691162
2078,REINFORCE,BACE1,17,30,30.3543803691864,C1N(c2nc3cnc(-c4ccc(NC(Nc5cc(C(F)(F)F)c(CN6CCOCC6)cc5)=O)cc4)n3n2)CCOC1,false,0,true,0,0.0,0.0,0.0,0.0,0.0,0.0,0.0,0.0,0.0,0.0,0.0,0.0,0.0,0.0,0.0,0.0,0.0,0.0,0.0,0.0,0.0,0.0,0.0,0.0,1e-06,1e-06,1.0,1.087083339691162
2079,REINFORCE,BACE1,17,31,30.3543803691864,C=C1CCCC(CC2CC(C)(O)C3CCCC4N(CC(O)CC3O)C4(C)CN2C)C1,true,1,true,0,0.4734534944820255,0.0,2.932900000000001,420.6380000000002,30.0,376.2860000000002,5.0,3.0,5.0,2.0,0.0,4.0,4.0,66.94,0.0,0.0,C25H44N2O3,637.883275855379,2.0,0.0,0.3728813559322034,0.1785714285714286,0.19999999999999996,0.3728813559322034,0.3728813559322034,0.3728813559322034,1.0,1.087083339691162
2080,REINFORCE,BACE1,17,32,30.3543803691864,CC=C1C(=O)OC2CCC(C(F)(F)F)C12C,true,1,true,0,0.47558219143506003,0.0,2.8367000000000013,234.21699999999996,16.0,221.11299999999994,2.0,0.0,5.0,0.0,0.0,2.0,2.0,26.3,0.0,0.0,C11H13F3O2,358.7314008746469,1.0,3.0,0.3111111111111111,0.25,0.3111111111111111,0.288135593220339,0.3111111111111111,0.3111111111111111,1.0,1.087083339691162
2081,REINFORCE,BACE1,17,33,30.3543803691864,CCC1Cc2ccccc2C1c1cc(OC)c(O)c(OC)c1,true,1,true,0,0.9223341876798709,0.0,4.123600000000003,298.382,22.0,276.20599999999996,3.0,1.0,3.0,4.0,2.0,1.0,3.0,38.69,0.0,0.0,C19H22O3,653.1256678809058,1.0,0.0,0.38983050847457623,0.3571428571428571,0.3555555555555555,0.38983050847457623,0.38983050847457623,0.38983050847457623,1.0,1.087083339691162
2082,REINFORCE,BACE1,17,34,30.3543803691864,CCCSc1ccc([N+](=O)[O-])cc1C#N,true,1,true,0,0.4459283087620884,0.0,2.968580000000001,222.26899999999995,15.0,212.18899999999996,4.0,0.0,5.0,4.0,1.0,0.0,1.0,66.93,0.0,0.0,C10H10N2O2S,412.3736822734493,3.0,0.0,0.2666666666666667,0.2142857142857143,0.2666666666666667,0.23728813559322037,0.2666666666666667,0.2666666666666667,1.0,1.087083339691162
2083,REINFORCE,BACE1,17,35,30.3543803691864,CN(CC(O)c1cn[nH]c1)C1Cc2ccccc2C1,true,1,true,0,0.8733348299912256,0.0,1.5422999999999998,257.337,19.0,238.18499999999995,3.0,2.0,4.0,4.0,2.0,1.0,3.0,52.15,0.0,0.0,C15H19N3O,513.0835320996534,4.0,0.0,0.3214285714285714,0.3214285714285714,0.3111111111111111,0.2033898305084746,0.3214285714285714,0.3214285714285714,1.0,1.087083339691162
2084,REINFORCE,BACE1,17,36,30.3543803691864,COc1ccc(-c2cc(S(=O)(=O)Cc3ccccc3C(=O)O)c(O)s2)cc1,true,1,true,0,0.648027056986318,0.0,3.801400000000002,404.4650000000001,27.0,388.3370000000001,6.0,2.0,8.0,6.0,3.0,0.0,3.0,100.9,0.0,0.0,C19H16O6S2,1081.6425971419526,3.0,0.0,0.4067796610169492,0.3571428571428571,0.24444444444444446,0.4067796610169492,0.4067796610169492,0.4067796610169492,1.0,1.087083339691162
2085,REINFORCE,BACE1,17,37,30.3543803691864,COc1ccc(NC(=O)CNS(=O)(=O)c2cccc3nsnc23)cc1,true,1,true,0,0.6743246243962913,0.0,1.6168999999999998,378.43500000000006,25.0,364.3230000000001,7.0,2.0,10.0,6.0,3.0,0.0,3.0,110.28,0.0,0.0,C15H14N4O4S2,999.8030803143586,4.0,0.0,0.3555555555555555,0.2857142857142857,0.3555555555555555,0.3389830508474576,0.3555555555555555,0.3555555555555555,1.0,1.087083339691162
2086,REINFORCE,BACE1,17,38,30.3543803691864,COc1cccc(Nc2nc(-c3cc(OC)ccc3OC)cc3cc4sccc4n23)c1,true,1,true,0,0.3580930307558615,0.0,5.985400000000004,431.5170000000001,31.0,410.34900000000016,7.0,1.0,7.0,6.0,5.0,0.0,5.0,57.019999999999996,0.0,0.0,C24H21N3O3S,1389.891711028311,2.0,0.0,0.3928571428571429,0.3928571428571429,0.24444444444444446,0.35593220338983056,0.3928571428571429,0.3928571428571429,1.0,1.087083339691162
2087,REINFORCE,BACE1,17,39,30.3543803691864,COc1ccc2nc(N3CCN(C(=O)C(=O)c4ccc(N5CCC(N(C)C)CC5)cc4)CC3)sc2c1,true,1,true,0,0.37433849858511564,0.0,3.3668000000000022,507.66000000000037,36.0,474.3960000000003,8.0,0.0,9.0,6.0,3.0,2.0,5.0,69.22,0.0,0.0,C27H33N5O3S,1225.9399085062128,2.0,0.0,0.288135593220339,0.1964285714285714,0.0888888888888889,0.288135593220339,0.288135593220339,0.288135593220339,1.0,1.087083339691162
2088,REINFORCE,BACE1,17,40,30.3543803691864,COc1cccc(N2NC(c3ccccc3)(c3ccccc3)C2=O)c1,true,1,true,0,0.7960641748675734,0.0,3.4902000000000015,330.38700000000006,25.0,312.24300000000005,3.0,1.0,4.0,4.0,3.0,1.0,4.0,41.57,0.0,0.0,C21H18N2O2,854.539207867742,1.0,0.0,0.4,0.375,0.4,0.3220338983050848,0.4,0.4,1.0,1.087083339691162
2089,REINFORCE,BACE1,17,41,30.3543803691864,CC(C)C(NC(=O)CNC(=O)Nc1c(N)n(Cc2ccccc2)c(=O)[nH]c1=O)C(=O)NO,true,1,true,0,0.19719955237238995,0.0,-1.065199999999998,447.4520000000001,32.0,422.25200000000024,8.0,7.0,13.0,8.0,2.0,0.0,2.0,200.43999999999997,0.0,0.0,C19H25N7O6,1093.5806560470041,3.0,0.0,0.18644067796610164,0.1785714285714286,0.06666666666666665,0.18644067796610164,0.18644067796610164,0.18644067796610164,1.0,1.087083339691162
2090,REINFORCE,BACE1,17,42,30.3543803691864,CN(c1ccc(C(F)(F)F)cc1)C1CC1c1ccccc1,true,1,true,0,0.7921404652522259,0.0,4.697700000000004,291.316,21.0,275.188,1.0,0.0,4.0,3.0,2.0,1.0,3.0,3.24,0.0,0.0,C17H16F3N,604.1823890248459,2.0,3.0,0.3571428571428571,0.3571428571428571,0.33333333333333337,0.30508474576271183,0.3571428571428571,0.3571428571428571,1.0,1.087083339691162
2091,REINFORCE,BACE1,17,43,30.3543803691864,COc1cccc2c1c1c(n2C)CC2C(C1)CN2C(=O)CN(C)C(=O)NC(C)C,true,1,true,0,0.8583525786666898,0.0,2.1623,398.5070000000001,29.0,368.2670000000001,4.0,1.0,7.0,4.0,2.0,2.0,4.0,66.81,0.0,0.0,C22H30N4O3,964.6083462104805,2.0,0.0,0.47457627118644063,0.2678571428571429,0.11111111111111116,0.47457627118644063,0.47457627118644063,0.47457627118644063,1.0,1.087083339691162
2092,REINFORCE,BACE1,17,44,30.3543803691864,CCN=C(C)NN=Cc1ccc(O)c(OC)c1,true,1,true,0,0.47454110665234234,0.0,1.7626,235.287,17.0,218.15099999999995,4.0,2.0,5.0,4.0,1.0,0.0,1.0,66.21000000000001,0.0,0.0,C12H17N3O2,427.7589597076871,2.0,0.0,0.3555555555555555,0.2678571428571429,0.3555555555555555,0.30508474576271183,0.3555555555555555,0.3555555555555555,1.0,1.087083339691162
2093,REINFORCE,BACE1,17,45,30.3543803691864,CN(C)CCNC(=O)c1ccc(Nc2ccc(C(=O)C=Cc3ccccc3)cc2)cc1,true,1,true,0,0.3970110811986935,0.0,4.617700000000004,413.52100000000013,31.0,386.3050000000002,4.0,2.0,5.0,9.0,3.0,0.0,3.0,61.440000000000005,0.0,0.0,C26H27N3O2,1024.5119336613664,3.0,0.0,0.3928571428571429,0.3928571428571429,0.2222222222222222,0.3220338983050848,0.3928571428571429,0.3928571428571429,1.0,1.087083339691162
2094,REINFORCE,BACE1,17,46,30.3543803691864,Cc1ncc(-c2cccc(C(N)=O)c2)cc1Nc1ccc(Cl)cn1,true,1,true,0,0.7543835001848359,0.0,3.9479200000000017,338.79800000000006,24.0,323.678,4.0,2.0,6.0,4.0,3.0,0.0,3.0,80.89999999999999,0.0,0.0,C18H15ClN4O,893.7755393902557,2.0,0.0,0.4285714285714286,0.4285714285714286,0.33333333333333337,0.423728813559322,0.4285714285714286,0.4285714285714286,1.0,1.087083339691162
2095,REINFORCE,BACE1,17,47,30.3543803691864,COc1ccccc1CNc1cc(-c2ccccc2)[nH]n1,true,1,true,0,0.7484390685167377,0.0,3.697400000000002,279.34299999999996,21.0,262.20699999999994,3.0,2.0,4.0,5.0,3.0,0.0,3.0,49.94,0.0,0.0,C17H17N3O,706.8192211645515,3.0,0.0,0.3392857142857143,0.3392857142857143,0.33333333333333337,0.23728813559322037,0.3392857142857143,0.3392857142857143,1.0,1.087083339691162
2096,REINFORCE,BACE1,17,48,30.3543803691864,COc1ccc(NC(=O)N2Cc3ccc(C#N)cc3C2)c(OC)c1,true,1,true,0,0.9414851028577815,0.0,3.1231800000000014,323.3520000000001,24.0,306.216,4.0,1.0,6.0,3.0,2.0,1.0,3.0,74.59,0.0,0.0,C18H17N3O3,826.744077786091,1.0,0.0,0.4222222222222223,0.375,0.4222222222222223,0.35593220338983056,0.4222222222222223,0.4222222222222223,1.0,1.087083339691162
2097,REINFORCE,BACE1,17,49,30.3543803691864,N1CCC(Nc2sc3nc4ccccc4n3c(C)c2=O)CC1,false,0,true,0,0.0,0.0,0.0,0.0,0.0,0.0,0.0,0.0,0.0,0.0,0.0,0.0,0.0,0.0,0.0,0.0,0.0,0.0,0.0,0.0,0.0,0.0,0.0,0.0,1e-06,1e-06,1.0,1.087083339691162
2098,REINFORCE,BACE1,17,50,30.3543803691864,NCc1c(CN2CCNCC2)[nH]c2ccc(-c3cccs3)cc12,true,1,true,0,0.6908663631128027,0.0,2.7603000000000018,326.46900000000005,23.0,304.293,4.0,3.0,5.0,4.0,3.0,1.0,4.0,57.08,0.0,0.0,C18H22N4S,784.819165508985,2.0,0.0,0.3214285714285714,0.3214285714285714,0.3111111111111111,0.2542372881355932,0.3214285714285714,0.3214285714285714,1.0,1.087083339691162
2099,REINFORCE,BACE1,17,51,30.3543803691864,Nc1nc(O)c(-c2ccc([N+](=O)[O-])cc2)c(-c2ccc(O)cc2)n1,true,1,true,0,0.4974883009109308,0.0,2.712200000000001,324.296,24.0,312.20000000000005,7.0,3.0,8.0,3.0,3.0,0.0,3.0,135.4,0.0,0.0,C16H12N4O4,908.6105783729444,1.0,0.0,0.3571428571428571,0.3571428571428571,0.28888888888888886,0.3220338983050848,0.3571428571428571,0.3571428571428571,1.0,1.087083339691162
2100,REINFORCE,BACE1,17,52,30.3543803691864,COc1ccc2c(C(=O)Nc3ccc(OC)c(OC)c3)nnc(O)c2c1,true,1,true,0,0.7249706276151329,0.0,2.613500000000001,355.3500000000001,26.0,338.21400000000006,7.0,2.0,8.0,5.0,3.0,0.0,3.0,102.80000000000001,0.0,0.0,C18H17N3O5,974.4429477375745,1.0,0.0,0.4,0.3571428571428571,0.4,0.3389830508474576,0.4,0.4,1.0,1.087083339691162
2101,REINFORCE,BACE1,17,53,30.3543803691864,CCC(c1ccc(OC)cc1OC)N1CCC(C(=O)O)CC1,true,1,true,0,0.8753494232147856,0.0,2.951500000000001,307.39000000000004,22.0,282.19,4.0,1.0,5.0,6.0,1.0,1.0,2.0,59.0,0.0,0.0,C17H25NO4,509.38044365567464,3.0,0.0,0.38983050847457623,0.3035714285714286,0.33333333333333337,0.38983050847457623,0.38983050847457623,0.38983050847457623,1.0,1.087083339691162
2102,REINFORCE,BACE1,17,54,30.3543803691864,COc1ccc(C=CC(=O)c2c[nH]c3ccccc23)cc1,true,1,true,0,0.5766217629138509,0.0,4.072600000000002,277.323,21.0,262.203,2.0,1.0,3.0,4.0,3.0,0.0,3.0,42.09,0.0,0.0,C18H15NO2,797.4562075300877,2.0,0.0,0.3571428571428571,0.3571428571428571,0.3555555555555555,0.30508474576271183,0.3571428571428571,0.3571428571428571,1.0,1.087083339691162
2103,REINFORCE,BACE1,17,55,30.3543803691864,Cc1nc(N(C)C(=O)c2cnn(-c3ccccc3)c2C(F)(F)F)sc1C,true,1,true,0,0.6829125658724067,0.0,4.241040000000003,380.39500000000004,26.0,365.275,5.0,0.0,9.0,3.0,3.0,0.0,3.0,51.02,0.0,0.0,C17H15F3N4OS,927.3213604350387,1.0,3.0,0.3035714285714286,0.3035714285714286,0.2666666666666667,0.288135593220339,0.3035714285714286,0.3035714285714286,1.0,1.087083339691162
2104,REINFORCE,BACE1,17,56,30.3543803691864,COc1ccc(CNC(=O)c2ccc(NC(=O)C3CC3)cc2)cc1,true,1,true,0,0.8582361049594714,0.0,2.973700000000001,324.3800000000001,24.0,304.2200000000001,3.0,2.0,5.0,6.0,2.0,1.0,3.0,67.43,0.0,0.0,C19H20N2O3,719.2820494084744,2.0,0.0,0.4,0.3571428571428571,0.4,0.38983050847457623,0.4,0.4,1.0,1.087083339691162
2105,REINFORCE,BACE1,17,57,30.3543803691864,Cc1cc(C(=O)NN)c(-c2ccc(Cl)cc2Cl)o1,true,1,true,0,0.5056386674122513,0.0,3.1653200000000012,285.13000000000005,18.0,275.05,3.0,2.0,6.0,2.0,2.0,0.0,2.0,68.26,0.0,0.0,C12H10Cl2N2O2,608.1200332700051,1.0,0.0,0.4,0.3571428571428571,0.4,0.3220338983050848,0.4,0.4,1.0,1.087083339691162
2106,REINFORCE,BACE1,17,58,30.3543803691864,CC(CO)(CSCC(O)CC1CCc2ccccc2C1)C(=O)NO,true,1,true,0,0.4225023969647917,0.0,1.7796999999999998,353.4840000000001,24.0,326.2680000000001,5.0,4.0,6.0,8.0,1.0,1.0,2.0,89.79,0.0,0.0,C18H27NO4S,553.5752274315124,8.0,0.0,0.2542372881355932,0.2321428571428571,0.24444444444444446,0.2542372881355932,0.2542372881355932,0.2542372881355932,1.0,1.087083339691162
2107,REINFORCE,BACE1,17,59,30.3543803691864,COc1ccc(S(=O)(=O)C2CN(Cc3ccccc3)C(=O)N2)cc1,true,1,true,0,0.8986318095942375,0.0,2.0204,346.408,24.0,328.26400000000007,4.0,1.0,7.0,5.0,2.0,1.0,3.0,75.71000000000001,0.0,0.0,C17H18N2O4S,819.4288640766838,2.0,0.0,0.38983050847457623,0.3035714285714286,0.3111111111111111,0.38983050847457623,0.38983050847457623,0.38983050847457623,1.0,1.087083339691162
2108,REINFORCE,BACE1,17,60,30.3543803691864,Cc1cccc(S(=O)(=O)Nc2ccc(NC(=O)C=Cc3cccnc3)cc2)c1C,true,1,true,0,0.6009800060617072,0.0,4.1511400000000025,407.4950000000001,29.0,386.32700000000017,4.0,2.0,7.0,6.0,3.0,0.0,3.0,88.16000000000001,0.0,0.0,C22H21N3O3S,1139.6798282706916,3.0,0.0,0.3571428571428571,0.3571428571428571,0.24444444444444446,0.3220338983050848,0.3571428571428571,0.3571428571428571,1.0,1.087083339691162
2109,REINFORCE,BACE1,17,61,30.3543803691864,Oc1ccc(Cn2cncn2)c(OCCCOc2ccc(Cl)cc2)c1,true,1,true,0,0.6229130562554772,0.0,3.5333000000000023,359.813,25.0,341.66900000000004,6.0,1.0,7.0,8.0,3.0,0.0,3.0,69.4,0.0,0.0,C18H18ClN3O3,791.8357934822965,6.0,0.0,0.3928571428571429,0.3928571428571429,0.28888888888888886,0.38983050847457623,0.3928571428571429,0.3928571428571429,1.0,1.087083339691162
2110,REINFORCE,BACE1,17,62,30.3543803691864,O=C(CNc1cccc(O)c1)Nc1ccc([N+](=O)[O-])cc1,true,1,true,0,0.578054180724825,0.0,2.351,287.27500000000003,21.0,274.171,5.0,3.0,7.0,5.0,2.0,0.0,2.0,104.5,0.0,0.0,C14H13N3O4,655.5236253578009,3.0,0.0,0.3571428571428571,0.3571428571428571,0.28888888888888886,0.288135593220339,0.3571428571428571,0.3571428571428571,1.0,1.087083339691162
2111,REINFORCE,BACE1,17,63,30.3543803691864,Cc1nc[nH]c1-c1c(N)nc(-c2ccccc2)nc1N,true,1,true,0,0.6573801108388911,0.0,2.0065199999999996,266.308,20.0,252.19599999999997,5.0,3.0,6.0,2.0,3.0,0.0,3.0,106.5,0.0,0.0,C14H14N6,724.3606248698485,1.0,0.0,0.3214285714285714,0.3214285714285714,0.24444444444444446,0.2542372881355932,0.3214285714285714,0.3214285714285714,1.0,1.087083339691162
2112,REINFORCE,BACE1,17,64,30.3543803691864,COc1ccc(NC(=O)CSc2nnc(-c3ccco3)o2)c(OC)c1,true,1,true,0,0.6410001954305888,0.0,3.0776000000000012,361.37900000000013,25.0,346.2590000000001,8.0,1.0,9.0,7.0,3.0,0.0,3.0,99.62,0.0,0.0,C16H15N3O5S,847.3395676682018,3.0,0.0,0.37777777777777777,0.3214285714285714,0.37777777777777777,0.3220338983050848,0.37777777777777777,0.37777777777777777,1.0,1.087083339691162
2113,REINFORCE,BACE1,17,65,30.3543803691864,Cc1cc(O)c(C(=O)Nc2ccc(OCc3cccc(Cl)c3)cc2F)c(=O)c(O)c1,true,1,true,0,0.5586822200938346,0.0,4.390220000000003,429.8310000000001,30.0,412.6950000000001,5.0,3.0,8.0,5.0,3.0,0.0,3.0,95.86,0.0,0.0,C22H17ClFNO5,1182.5419855307478,3.0,1.0,0.375,0.375,0.24444444444444446,0.27118644067796616,0.375,0.375,1.0,1.087083339691162
2114,REINFORCE,BACE1,17,66,30.3543803691864,CCCCNC(=N)NN=Cc1ccc(C)o1,true,1,true,0,0.30784489611482063,0.0,1.8359899999999998,222.29199999999997,16.0,204.148,3.0,3.0,5.0,5.0,1.0,0.0,1.0,73.41,0.0,0.0,C11H18N4O,356.62146523110454,6.0,0.0,0.28888888888888886,0.2321428571428571,0.28888888888888886,0.2542372881355932,0.28888888888888886,0.28888888888888886,1.0,1.087083339691162
2115,REINFORCE,BACE1,17,67,30.3543803691864,Cc1nc2ccc(OCc3c4ccccc4nc4ccccc34)cc2s1,true,1,true,0,0.3783622248692865,0.0,5.885120000000004,356.45000000000005,26.0,340.32200000000006,4.0,0.0,4.0,3.0,5.0,0.0,5.0,35.010000000000005,0.0,0.0,C22H16N2OS,1205.1925957977303,3.0,0.0,0.4222222222222223,0.4107142857142857,0.4222222222222223,0.23728813559322037,0.4222222222222223,0.4222222222222223,1.0,1.087083339691162
2116,REINFORCE,BACE1,17,68,30.3543803691864,Cc1cccc(NC(=O)OCCCc2ccc(Cl)cc2)c1,true,1,true,0,0.8034245845534945,0.0,4.829720000000004,303.789,21.0,285.64500000000004,2.0,1.0,4.0,5.0,2.0,0.0,2.0,38.33,0.0,0.0,C17H18ClNO2,595.9940326769416,4.0,0.0,0.4,0.3928571428571429,0.4,0.3389830508474576,0.4,0.4,1.0,1.087083339691162
2117,REINFORCE,BACE1,17,69,30.3543803691864,Cc1ccccc1C(=O)Nc1ccccc1C(=O)N(C)Cc1cccnc1,true,1,true,0,0.7510775618797406,0.0,3.914520000000002,359.4290000000001,27.0,338.2610000000001,3.0,1.0,5.0,5.0,3.0,0.0,3.0,62.300000000000004,0.0,0.0,C22H21N3O2,954.5364187742271,2.0,0.0,0.3571428571428571,0.3571428571428571,0.3111111111111111,0.3389830508474576,0.3571428571428571,0.3571428571428571,1.0,1.087083339691162
2118,REINFORCE,BACE1,17,70,30.3543803691864,COc1ccc(CNc2nc(C)c(O)c(C)c2C)c(OC)c1OC,true,1,true,0,0.8450176748981529,0.0,3.350360000000002,332.4000000000001,24.0,308.208,6.0,2.0,6.0,6.0,2.0,0.0,2.0,72.84,0.0,0.0,C18H24N2O4,744.5291113997524,3.0,0.0,0.3728813559322034,0.3392857142857143,0.33333333333333337,0.3728813559322034,0.3728813559322034,0.3728813559322034,1.0,1.087083339691162
2119,REINFORCE,BACE1,17,71,30.3543803691864,CCOC1=C(CC(N)Cc2ccc(O)cc2)CCc2ccccc21,true,1,true,0,0.8431206341007298,0.0,4.046100000000003,323.43600000000004,24.0,298.23600000000005,3.0,2.0,3.0,6.0,2.0,1.0,3.0,55.480000000000004,0.0,0.0,C21H25NO2,718.8735330581773,4.0,0.0,0.3928571428571429,0.3928571428571429,0.3555555555555555,0.30508474576271183,0.3928571428571429,0.3928571428571429,1.0,1.087083339691162
2120,REINFORCE,BACE1,17,72,30.3543803691864,CC=CCCC(=O)c1cc(OC)c(OC)c(OC)c1,true,1,true,0,0.5598888711730122,0.0,3.251400000000002,264.32099999999997,19.0,244.16099999999994,4.0,0.0,4.0,7.0,1.0,0.0,1.0,44.760000000000005,0.0,0.0,C15H20O4,438.20853295188147,4.0,0.0,0.37777777777777777,0.2678571428571429,0.37777777777777777,0.30508474576271183,0.37777777777777777,0.37777777777777777,1.0,1.087083339691162
2121,REINFORCE,BACE1,17,73,30.3543803691864,COc1cc(O)c2c(=O)c3c(O)cc(OC)cc3oc2c1,true,1,true,0,0.7036603041564333,0.0,2.3746,288.255,21.0,276.159,6.0,2.0,6.0,2.0,3.0,0.0,3.0,89.13000000000001,0.0,0.0,C15H12O6,838.5554842831727,1.0,0.0,0.3555555555555555,0.3392857142857143,0.3555555555555555,0.30508474576271183,0.3555555555555555,0.3555555555555555,1.0,1.087083339691162
2122,REINFORCE,BACE1,17,74,30.3543803691864,c1(OC)cccc(-c2cn(C3CN(C(=N)N)CC3)c3nc(-n4ccc5c(c4=O)ccc(O)c5CO)c(C4CCC(N)CC4)c32)c1,false,0,true,0,0.0,0.0,0.0,0.0,0.0,0.0,0.0,0.0,0.0,0.0,0.0,0.0,0.0,0.0,0.0,0.0,0.0,0.0,0.0,0.0,0.0,0.0,0.0,0.0,1e-06,1e-06,1.0,1.087083339691162
2123,REINFORCE,BACE1,17,75,30.3543803691864,COC(=O)C(=Cc1ccc(Oc2ccc(F)cc2)cc1)c1ccccn1,true,1,true,0,0.4936169540047806,0.0,4.726600000000004,349.36100000000005,26.0,333.23300000000006,4.0,0.0,5.0,5.0,3.0,0.0,3.0,48.42,0.0,0.0,C21H16FNO3,904.2509318870071,2.0,1.0,0.4107142857142857,0.4107142857142857,0.4,0.23728813559322037,0.4107142857142857,0.4107142857142857,1.0,1.087083339691162
2124,REINFORCE,BACE1,17,76,30.3543803691864,Cn1c(=O)c2sc(Nc3ccc(C(F)(F)F)cc3)nc2n(C)c1=O,true,1,true,0,0.7658706525204878,0.0,2.4561,356.32900000000006,24.0,345.24100000000004,7.0,1.0,10.0,2.0,3.0,0.0,3.0,68.92,0.0,0.0,C14H11F3N4O2S,1031.5748902681644,2.0,3.0,0.3392857142857143,0.3392857142857143,0.28888888888888886,0.30508474576271183,0.3392857142857143,0.3392857142857143,1.0,1.087083339691162
2125,REINFORCE,BACE1,17,77,30.3543803691864,c12c(N)ncnc1n(C1C3(C(C)O)C(=O)OCC3)ccc1nc2,false,0,true,0,0.0,0.0,0.0,0.0,0.0,0.0,0.0,0.0,0.0,0.0,0.0,0.0,0.0,0.0,0.0,0.0,0.0,0.0,0.0,0.0,0.0,0.0,0.0,0.0,1e-06,1e-06,1.0,1.087083339691162
2126,REINFORCE,BACE1,17,78,30.3543803691864,Cn1ccnc1C(NC(c1ccc(C(F)(F)F)cc1)c1cc2ccccc2cc1C(N)=O)C(=O)O,true,1,true,0,0.36585833329750794,0.0,4.195900000000003,482.4620000000002,35.0,461.29400000000027,5.0,3.0,10.0,7.0,4.0,0.0,4.0,110.24,0.0,0.0,C25H21F3N4O3,1397.356866526726,6.0,3.0,0.23728813559322037,0.1964285714285714,0.11111111111111116,0.23728813559322037,0.23728813559322037,0.23728813559322037,1.0,1.087083339691162
2127,REINFORCE,BACE1,17,79,30.3543803691864,CC(=O)c1c(F)cc2c(ccn2C2CC(O)C2)c1OCC(F)(F)F,true,1,true,0,0.6801748327674108,0.0,3.6199000000000012,345.29200000000003,24.0,330.17199999999997,4.0,1.0,8.0,4.0,2.0,1.0,3.0,51.46000000000001,0.0,0.0,C16H15F4NO3,790.6969233536131,3.0,4.0,0.38983050847457623,0.3392857142857143,0.2222222222222222,0.38983050847457623,0.38983050847457623,0.38983050847457623,1.0,1.087083339691162
2128,REINFORCE,BACE1,17,80,30.3543803691864,NCc1cc2cccc(C(=O)c3cccs3)c2c(O)n1,true,1,true,0,0.7249680781531679,0.0,2.6916000000000015,284.34,20.0,272.24399999999997,5.0,2.0,5.0,3.0,3.0,0.0,3.0,76.21000000000001,0.0,0.0,C15H12N2O2S,781.9227792424294,2.0,0.0,0.4666666666666667,0.375,0.4666666666666667,0.35593220338983056,0.4666666666666667,0.4666666666666667,1.0,1.087083339691162
2129,REINFORCE,BACE1,17,81,30.3543803691864,COc1ccc(-c2cc(C(=O)COc3ccc(C4CC(=O)Nc5ccccc54)cc3)c(C)o2)cc1,true,1,true,0,0.3374413919956094,0.0,5.999420000000005,467.52100000000013,35.0,442.32100000000025,5.0,1.0,6.0,7.0,4.0,1.0,5.0,77.77,0.0,0.0,C29H25NO5,1369.2148588115915,4.0,0.0,0.3389830508474576,0.2678571428571429,0.1777777777777778,0.3389830508474576,0.3389830508474576,0.3389830508474576,1.0,1.087083339691162
2130,REINFORCE,BACE1,17,82,30.3543803691864,COc1ccc(C(=O)C=Cc2nn(S(=O)(=O)c3ccc(F)cc3)c(=O)c3ccccc23)cc1OC,true,1,true,0,0.2850819376991387,0.0,3.685900000000003,494.5000000000002,35.0,475.34800000000035,8.0,0.0,10.0,7.0,4.0,0.0,4.0,104.55999999999999,0.0,0.0,C25H19FN2O6S,1626.5938780789581,2.0,1.0,0.2678571428571429,0.2678571428571429,0.11111111111111116,0.18644067796610164,0.2678571428571429,0.2678571428571429,1.0,1.087083339691162
2131,REINFORCE,BACE1,17,83,30.3543803691864,Cc1nn(-c2cc(Cl)c(NC(=O)C(C#N)=C(Cl)Cl)cc2C2CCNCC2)c2c1ccc1ccoc12,true,1,true,0,0.23755460435161094,0.0,6.351800000000004,528.8270000000002,35.0,508.66700000000037,6.0,2.0,10.0,4.0,4.0,1.0,5.0,95.88000000000001,0.0,0.0,C25H20Cl3N5O2,1536.2486323846101,2.0,0.0,0.30508474576271183,0.1964285714285714,0.022222222222222254,0.30508474576271183,0.30508474576271183,0.30508474576271183,1.0,1.087083339691162
2132,REINFORCE,BACE1,17,84,30.3543803691864,Cc1nn(C(=S)S)c(=O)n1-c1nc2ccccc2s1,true,1,true,0,0.5518340408653625,0.0,2.01492,308.41300000000007,19.0,300.34900000000005,7.0,1.0,8.0,1.0,3.0,0.0,3.0,52.71,0.0,0.0,C11H8N4OS3,812.1128046284149,1.0,0.0,0.28888888888888886,0.2857142857142857,0.28888888888888886,0.22033898305084743,0.28888888888888886,0.28888888888888886,1.0,1.087083339691162
2133,REINFORCE,BACE1,17,85,30.3543803691864,c12nc3n(c(=O)c1ccc(Nc1cc(F)cc(C4(S)CC(=O)Nc5ccccc45)c1)c2C(=O)N3,false,0,true,0,0.0,0.0,0.0,0.0,0.0,0.0,0.0,0.0,0.0,0.0,0.0,0.0,0.0,0.0,0.0,0.0,0.0,0.0,0.0,0.0,0.0,0.0,0.0,0.0,1e-06,1e-06,1.0,1.087083339691162
2134,REINFORCE,BACE1,17,86,30.3543803691864,COc1cc(C)c(-c2ccc(C(=O)NNC(=O)CN3CCN(C)CC3)cc2)c(Cl)c1,true,1,true,0,0.7120808817191481,0.0,2.332420000000001,430.93600000000026,30.0,403.7200000000002,5.0,2.0,8.0,5.0,2.0,1.0,3.0,73.91,0.0,0.0,C22H27ClN4O3,886.0938190889897,2.0,0.0,0.44067796610169496,0.3035714285714286,0.19999999999999996,0.44067796610169496,0.44067796610169496,0.44067796610169496,1.0,1.087083339691162
2135,REINFORCE,BACE1,17,87,30.3543803691864,CC1(c2cc(-c3ccc4[nH]nc(-c5ccc(F)cc5F)c4c3)nc(N)n2)CNCCOC1,true,1,true,0,0.4549251594273632,0.0,3.424800000000001,436.46600000000024,32.0,414.29000000000013,6.0,3.0,9.0,3.0,4.0,1.0,5.0,101.74000000000001,0.0,0.0,C23H22F2N6O,1297.1363679539393,1.0,2.0,0.3571428571428571,0.3571428571428571,0.2666666666666667,0.288135593220339,0.3571428571428571,0.3571428571428571,1.0,1.087083339691162
2136,REINFORCE,BACE1,17,88,30.3543803691864,COc1cccc(C(=O)NC(C(=O)c2ccc(F)cc2)C2COC2=O)c1,true,1,true,0,0.6315787917456093,0.0,1.9886,357.3370000000001,26.0,341.20900000000006,5.0,1.0,7.0,6.0,2.0,1.0,3.0,81.69999999999999,0.0,0.0,C19H16FNO5,849.2629143002716,4.0,1.0,0.4107142857142857,0.4107142857142857,0.37777777777777777,0.3728813559322034,0.4107142857142857,0.4107142857142857,1.0,1.087083339691162
2137,REINFORCE,BACE1,17,89,30.3543803691864,COc1ccc(NC(=O)c2ccc(CNc3nc(C)nc4ccccc34)cc2)cc1,true,1,true,0,0.4873649306213065,0.0,4.811220000000003,398.46600000000007,30.0,376.2900000000002,5.0,2.0,6.0,6.0,4.0,0.0,4.0,76.14,0.0,0.0,C24H22N4O2,1172.178319111421,3.0,0.0,0.37777777777777777,0.375,0.37777777777777777,0.30508474576271183,0.37777777777777777,0.37777777777777777,1.0,1.087083339691162
2138,REINFORCE,BACE1,17,90,30.3543803691864,Cc1ncnc(N)c1-c1ccc(C2CCCC3(CCSC(N)=N3)C2)c(Cl)c1,true,1,true,0,0.7705743636549558,0.0,4.535620000000003,401.9670000000001,27.0,377.77500000000003,6.0,2.0,7.0,2.0,2.0,2.0,4.0,90.17999999999999,0.0,0.0,C20H24ClN5S,879.6859635720064,1.0,0.0,0.4576271186440678,0.3214285714285714,0.1333333333333333,0.4576271186440678,0.4576271186440678,0.4576271186440678,1.0,1.087083339691162
2139,REINFORCE,BACE1,17,91,30.3543803691864,COc1ccc2c(c1)CCCC21CCCN(CCCc2ccccc2)C1,true,1,true,0,0.7531935009130669,0.0,4.997900000000005,349.51800000000003,26.0,318.2700000000001,2.0,0.0,2.0,5.0,2.0,2.0,4.0,12.47,0.0,0.0,C24H31NO,726.2454315735841,4.0,0.0,0.38983050847457623,0.3392857142857143,0.24444444444444446,0.38983050847457623,0.38983050847457623,0.38983050847457623,1.0,1.087083339691162
2140,REINFORCE,BACE1,17,92,30.3543803691864,CC(=O)N1CCc2c(O)nc(CCc3cccc(Cl)c3)nc2C1,true,1,true,0,0.9381818702227148,0.0,2.525400000000001,331.80300000000005,23.0,313.659,4.0,1.0,6.0,3.0,2.0,1.0,3.0,66.32000000000001,0.0,0.0,C17H18ClN3O2,748.6134931007888,3.0,0.0,0.3392857142857143,0.3392857142857143,0.33333333333333337,0.27118644067796616,0.3392857142857143,0.3392857142857143,1.0,1.087083339691162
2141,REINFORCE,BACE1,17,93,30.3543803691864,Nc1ccccc1Nc1ccc2ncnc(SCc3cccc(O)c3)c2c1,true,1,true,0,0.2602567015942854,0.0,4.953500000000004,374.4690000000001,27.0,356.32500000000016,6.0,3.0,6.0,5.0,4.0,0.0,4.0,84.06,0.0,0.0,C21H18N4OS,1100.2138100981686,3.0,0.0,0.4285714285714286,0.4285714285714286,0.3555555555555555,0.30508474576271183,0.4285714285714286,0.4285714285714286,1.0,1.087083339691162
2142,REINFORCE,BACE1,17,94,30.3543803691864,Brc1ccc(Cc2cc3ccccc3[nH]2)cc1,true,1,true,0,0.7125092560485855,0.0,4.521200000000003,286.17199999999997,17.0,274.07599999999996,0.0,1.0,2.0,2.0,3.0,0.0,3.0,15.79,0.0,0.0,C15H12BrN,604.3355192660392,2.0,0.0,0.3392857142857143,0.3392857142857143,0.3111111111111111,0.288135593220339,0.3392857142857143,0.3392857142857143,1.0,1.087083339691162
2143,REINFORCE,BACE1,17,95,30.3543803691864,O=C1C2C3C=CC(C3)C2C(=O)N1c1cccc(CN2CCC(O)(c3ccccc3)CC2)c1,true,1,true,0,0.5983738028514294,0.0,3.4817000000000027,428.5320000000002,32.0,400.3080000000002,4.0,1.0,5.0,4.0,2.0,4.0,6.0,60.85000000000001,0.0,0.0,C27H28N2O3,1057.0901257114026,2.0,0.0,0.2678571428571429,0.2678571428571429,0.2222222222222222,0.2033898305084746,0.2678571428571429,0.2678571428571429,1.0,1.087083339691162
2144,REINFORCE,BACE1,17,96,30.3543803691864,COc1cc(Br)cc(Oc2noc(CN3CCN(C(=O)OC(C)(C)C)CC3)c2[N+](=O)[O-])c1,true,1,true,0,0.41342587614240994,0.0,4.198900000000003,513.3450000000005,32.0,488.1450000000003,9.0,0.0,12.0,6.0,2.0,1.0,3.0,120.41000000000003,0.0,0.0,C20H25BrN4O7,980.8132642878671,2.0,0.0,0.288135593220339,0.1785714285714286,0.0,0.288135593220339,0.288135593220339,0.288135593220339,1.0,1.087083339691162
2145,REINFORCE,BACE1,17,97,30.3543803691864,COc1ccc(S(=O)(=O)Nc2cccc(C)c2)cc1,true,1,true,0,0.9345809445170353,0.0,2.8044200000000012,277.345,19.0,262.22499999999997,3.0,1.0,5.0,4.0,2.0,0.0,2.0,55.400000000000006,0.0,0.0,C14H15NO3S,663.3453617538426,3.0,0.0,0.375,0.375,0.33333333333333337,0.35593220338983056,0.375,0.375,1.0,1.087083339691162
2146,REINFORCE,BACE1,17,98,30.3543803691864,O=C(O)C=Cc1c[nH]c2ccccc12,true,1,true,0,0.7083377635268013,0.0,2.2657,187.198,14.0,178.12599999999998,1.0,2.0,3.0,2.0,2.0,0.0,2.0,53.089999999999996,0.0,0.0,C11H9NO2,496.7117699894386,1.0,0.0,0.2678571428571429,0.2678571428571429,0.2666666666666667,0.15254237288135597,0.2678571428571429,0.2678571428571429,1.0,1.087083339691162
2147,REINFORCE,BACE1,17,99,30.3543803691864,NCCOc1ccc(C2NCCc3cc4c(cc32)OCO4)cc1,true,1,true,0,0.9036451760379796,0.0,1.9878999999999996,312.369,23.0,292.209,5.0,2.0,5.0,4.0,2.0,2.0,4.0,65.74000000000001,0.0,0.0,C18H20N2O3,700.1580403127446,3.0,0.0,0.37777777777777777,0.3392857142857143,0.37777777777777777,0.3220338983050848,0.37777777777777777,0.37777777777777777,1.0,1.087083339691162
2148,REINFORCE,BACE1,17,100,30.3543803691864,O=C(Nc1cc(-c2ccc3ccccc3c2)cs1)c1ccccc1,true,1,true,0,0.5038978340089854,0.0,5.820600000000004,329.42400000000004,24.0,314.30400000000003,2.0,1.0,3.0,3.0,4.0,0.0,4.0,29.1,0.0,0.0,C21H15NOS,1004.4752790113868,1.0,0.0,0.4821428571428571,0.4821428571428571,0.33333333333333337,0.3220338983050848,0.4821428571428571,0.4821428571428571,1.0,1.087083339691162
2149,REINFORCE,BACE1,17,101,30.3543803691864,O=C(C=Cc1ccc(F)cc1)c1c(O)ccc(Br)c1O,true,1,true,0,0.6598061767005845,0.0,3.8955000000000006,337.144,20.0,327.064,3.0,2.0,5.0,3.0,2.0,0.0,2.0,57.53,0.0,0.0,C15H10BrFO3,678.2631358665133,2.0,1.0,0.3555555555555555,0.3392857142857143,0.3555555555555555,0.2542372881355932,0.3555555555555555,0.3555555555555555,1.0,1.087083339691162
2150,REINFORCE,BACE1,17,102,30.3543803691864,CCOC(=O)CSc1ncccc1C(=O)NCCc1cccs1,true,1,true,0,0.5855854248181065,0.0,2.7708000000000013,350.4650000000001,23.0,332.321,6.0,1.0,7.0,8.0,2.0,0.0,2.0,68.28999999999999,0.0,0.0,C16H18N2O3S2,644.5347219955247,3.0,0.0,0.3035714285714286,0.3035714285714286,0.24444444444444446,0.27118644067796616,0.3035714285714286,0.3035714285714286,1.0,1.087083339691162
2151,REINFORCE,BACE1,17,103,30.3543803691864,CN(c1ccc(F)cc1)S(=O)(=O)Cc1ccc(S(=O)(=O)N2CCCCC2)cc1,true,1,true,0,0.7117937119650468,0.0,2.9665000000000017,426.53500000000025,28.0,403.35100000000017,4.0,0.0,9.0,6.0,2.0,1.0,3.0,74.76,0.0,0.0,C19H23FN2O4S2,1014.6082388068318,4.0,1.0,0.3571428571428571,0.3571428571428571,0.2666666666666667,0.35593220338983056,0.3571428571428571,0.3571428571428571,1.0,1.087083339691162
2152,REINFORCE,BACE1,17,104,30.3543803691864,CC(=O)C1=C(C)NC(=O)NC1c1ccccc1F,true,1,true,0,0.8410539021723188,0.0,2.0426,248.257,18.0,235.15299999999993,2.0,2.0,5.0,2.0,1.0,1.0,2.0,58.2,0.0,0.0,C13H13FN2O2,551.6771552837998,1.0,1.0,0.3111111111111111,0.2321428571428571,0.3111111111111111,0.2542372881355932,0.3111111111111111,0.3111111111111111,1.0,1.087083339691162
2153,REINFORCE,BACE1,17,105,30.3543803691864,O=C(c1ccc(OC(F)F)c(Cl)c1)N1CCN(c2cccnn2)CC1,true,1,true,0,0.8301133029038003,0.0,2.6938000000000004,368.7710000000001,25.0,353.6510000000001,5.0,0.0,9.0,4.0,2.0,1.0,3.0,58.56,0.0,0.0,C16H15ClF2N4O2,740.1695036635916,2.0,2.0,0.3392857142857143,0.3392857142857143,0.28888888888888886,0.30508474576271183,0.3392857142857143,0.3392857142857143,1.0,1.087083339691162
2154,REINFORCE,BACE1,17,106,30.3543803691864,O=C(CN1CCC2(CC1)C(=O)NCN2c1ccccc1)Nc1ccc(F)cn1,true,1,true,0,0.8385075651643065,0.0,1.5877,383.4270000000001,28.0,361.2510000000001,5.0,2.0,8.0,4.0,2.0,2.0,4.0,77.57000000000001,0.0,0.0,C20H22FN5O2,850.6595846989165,2.0,1.0,0.3214285714285714,0.3214285714285714,0.2666666666666667,0.22033898305084743,0.3214285714285714,0.3214285714285714,1.0,1.087083339691162
2155,REINFORCE,BACE1,17,107,30.3543803691864,CC(C)=C1C(=O)N(CCC2CCN(C(=O)c3ccc(OCc4ccccc4)cc3)CC2)c2ccccc21,true,1,true,0,0.35983638302288606,0.0,6.348100000000008,494.6350000000003,37.0,460.3630000000004,3.0,0.0,5.0,7.0,3.0,2.0,5.0,49.85000000000001,0.0,0.0,C32H34N2O3,1285.1232033135962,3.0,0.0,0.2678571428571429,0.2678571428571429,0.15555555555555556,0.1694915254237288,0.2678571428571429,0.2678571428571429,1.0,1.087083339691162
2156,REINFORCE,BACE1,17,108,30.3543803691864,Cc1cc(S(=O)(=O)c2ccccc2C(=O)c2ccccc2)cc2sc(=O)n(C)c12,true,1,true,0,0.46569529788581054,0.0,3.9722200000000027,423.51500000000016,29.0,406.37900000000013,6.0,0.0,7.0,4.0,4.0,0.0,4.0,73.21000000000001,0.0,0.0,C22H17NO4S2,1414.477096894798,2.0,0.0,0.3214285714285714,0.3214285714285714,0.2222222222222222,0.30508474576271183,0.3214285714285714,0.3214285714285714,1.0,1.087083339691162
2157,REINFORCE,BACE1,17,109,30.3543803691864,COc1ccc(SCC(=O)Nc2cccc3occc23)c(OC)c1OC,true,1,true,0,0.6264252504139685,0.0,4.189400000000003,373.4300000000002,26.0,354.27800000000013,6.0,1.0,7.0,7.0,3.0,0.0,3.0,69.93,0.0,0.0,C19H19NO5S,921.4335216111526,3.0,0.0,0.4,0.3035714285714286,0.4,0.27118644067796616,0.4,0.4,1.0,1.087083339691162
2158,REINFORCE,BACE1,17,110,30.3543803691864,CCNC(=O)CNC1c2ccccc2-c2ccnn2-c2ccccc21,true,1,true,0,0.7721469558513621,0.0,2.6678000000000006,332.4070000000001,25.0,312.24700000000007,4.0,2.0,5.0,4.0,3.0,1.0,4.0,58.95,0.0,0.0,C20H20N4O,853.3194395758701,3.0,0.0,0.4464285714285714,0.4464285714285714,0.28888888888888886,0.27118644067796616,0.4464285714285714,0.4464285714285714,1.0,1.087083339691162
2159,REINFORCE,BACE1,17,111,30.3543803691864,O=C(C1CN(Cc2ccccc2)CCN(Cc2ccccc2)C1)N1Cc2ccccc2C1,true,1,true,0,0.614113025350856,0.0,4.163000000000004,425.5760000000002,32.0,394.3280000000002,3.0,0.0,4.0,5.0,3.0,2.0,5.0,26.790000000000006,0.0,0.0,C28H31N3O,960.3127271319096,2.0,0.0,0.4107142857142857,0.4107142857142857,0.2666666666666667,0.3728813559322034,0.4107142857142857,0.4107142857142857,1.0,1.087083339691162
2160,REINFORCE,BACE1,17,112,30.3543803691864,CC(=O)N(Cc1ccccn1)c1cccc2[nH]ccc12,true,1,true,0,0.7906381845586113,0.0,3.1160000000000014,265.31600000000003,20.0,250.19599999999994,2.0,1.0,4.0,3.0,3.0,0.0,3.0,48.99,0.0,0.0,C16H15N3O,733.5765038306798,3.0,0.0,0.3392857142857143,0.3392857142857143,0.33333333333333337,0.18644067796610164,0.3392857142857143,0.3392857142857143,1.0,1.087083339691162
2161,REINFORCE,BACE1,17,113,30.3543803691864,COc1cccc2c(SCC(=O)Nc3ccccc3C)noc12,true,1,true,0,0.7202143901456213,0.0,3.8756200000000023,328.3930000000001,23.0,312.26500000000004,5.0,1.0,6.0,5.0,3.0,0.0,3.0,64.36,0.0,0.0,C17H16N2O3S,844.7256917219638,3.0,0.0,0.37777777777777777,0.2857142857142857,0.37777777777777777,0.30508474576271183,0.37777777777777777,0.37777777777777777,1.0,1.087083339691162
2162,REINFORCE,BACE1,17,114,30.3543803691864,NNC(=O)CCc1cccc2[nH]c(-c3ccsc3)nc12,true,1,true,0,0.3904328704307321,0.0,2.2138999999999998,286.36,20.0,272.248,4.0,3.0,6.0,4.0,3.0,0.0,3.0,83.8,0.0,0.0,C14H14N4OS,732.8095796090848,3.0,0.0,0.3035714285714286,0.3035714285714286,0.28888888888888886,0.1694915254237288,0.3035714285714286,0.3035714285714286,1.0,1.087083339691162
2163,REINFORCE,BACE1,17,115,30.3543803691864,O=C(COC(=O)c1c2c(nc3ccccc13)CCC2)c1ccccc1,true,1,true,0,0.5393825762264443,0.0,3.763200000000003,331.371,25.0,314.23500000000007,4.0,0.0,4.0,4.0,3.0,1.0,4.0,56.260000000000005,0.0,0.0,C21H17NO3,963.542034916163,3.0,0.0,0.4107142857142857,0.4107142857142857,0.3555555555555555,0.23728813559322037,0.4107142857142857,0.4107142857142857,1.0,1.087083339691162
2164,REINFORCE,BACE1,17,116,30.3543803691864,c1ccc(-c2nc3ccccn3n2)cc1,true,1,true,0,0.5964591305372113,0.0,2.3963,195.225,15.0,186.153,3.0,0.0,3.0,1.0,3.0,0.0,3.0,30.19,0.0,0.0,C12H9N3,550.8842606293263,1.0,0.0,0.3571428571428571,0.3571428571428571,0.3111111111111111,0.288135593220339,0.3571428571428571,0.3571428571428571,1.0,1.087083339691162
2165,REINFORCE,BACE1,17,117,30.3543803691864,COCCN(N=O)C(=O)NC(Cc1ccccc1)Cc1cccnc1,true,1,true,0,0.5606233845039884,0.0,2.5748000000000006,342.3990000000001,25.0,320.22300000000007,5.0,1.0,7.0,9.0,2.0,0.0,2.0,83.89,0.0,0.0,C18H22N4O3,610.3854581109869,5.0,0.0,0.33333333333333337,0.2857142857142857,0.33333333333333337,0.2542372881355932,0.33333333333333337,0.33333333333333337,1.0,1.087083339691162
2166,REINFORCE,BACE1,17,118,30.3543803691864,O=C(CCNc1ncc(Cl)c(Cl)n1)Nc1ccccc1,true,1,true,0,0.8320765267052569,0.0,3.2241,311.172,20.0,299.0760000000001,4.0,2.0,7.0,5.0,2.0,0.0,2.0,66.91,0.0,0.0,C13H12Cl2N4O,592.1799568059944,4.0,0.0,0.3392857142857143,0.3392857142857143,0.2666666666666667,0.22033898305084743,0.3392857142857143,0.3392857142857143,1.0,1.087083339691162
2167,REINFORCE,BACE1,17,119,30.3543803691864,Cc1c(-c2ccc(Nc3ccccc3)cc2)n(O)c(=O)c2c(C)cccc12,true,1,true,0,0.4919795740001005,0.0,5.266240000000004,356.4250000000001,27.0,336.2650000000001,4.0,2.0,4.0,3.0,4.0,0.0,4.0,54.26,0.0,0.0,C23H20N2O2,1177.1300851321976,2.0,0.0,0.4464285714285714,0.4464285714285714,0.24444444444444446,0.35593220338983056,0.4464285714285714,0.4464285714285714,1.0,1.087083339691162
2168,REINFORCE,BACE1,17,120,30.3543803691864,Cc1nnc(N2CC3COC(C(=O)NCc4ccccc4)C3C2)s1,true,1,true,0,0.9127451260762331,0.0,1.6141199999999996,344.44000000000005,24.0,324.28000000000003,6.0,1.0,7.0,4.0,2.0,2.0,4.0,67.35,0.0,0.0,C17H20N4O2S,720.3904385855524,2.0,0.0,0.37777777777777777,0.25,0.37777777777777777,0.3389830508474576,0.37777777777777777,0.37777777777777777,1.0,1.087083339691162
2169,REINFORCE,BACE1,17,121,30.3543803691864,CCCc1cc(-c2nn3cccnc3c2Cl)on1,true,1,true,0,0.7280761025392797,0.0,2.9902000000000015,262.7,18.0,251.612,5.0,0.0,6.0,3.0,3.0,0.0,3.0,56.22,0.0,0.0,C12H11ClN4O,688.2618167070311,2.0,0.0,0.3571428571428571,0.3571428571428571,0.3111111111111111,0.30508474576271183,0.3571428571428571,0.3571428571428571,1.0,1.087083339691162
2170,REINFORCE,BACE1,17,122,30.3543803691864,CCn1ccc2ncn(CC(=O)N3CCCC3)c(=O)c21,true,1,true,0,0.8330323928338366,0.0,0.8403,274.32399999999996,20.0,256.17999999999995,5.0,0.0,6.0,3.0,2.0,1.0,3.0,60.13,0.0,0.0,C14H18N4O2,694.752082493067,2.0,0.0,0.35593220338983056,0.3035714285714286,0.3111111111111111,0.35593220338983056,0.35593220338983056,0.35593220338983056,1.0,1.087083339691162
2171,REINFORCE,BACE1,17,123,30.3543803691864,O=C(Nc1nnc(C(F)(F)F)s1)c1nc2ccccc2[nH]1,true,1,true,0,0.7616758121307239,0.0,2.6855,313.264,21.0,307.21600000000007,5.0,2.0,10.0,2.0,3.0,0.0,3.0,83.56,0.0,0.0,C11H6F3N5OS,776.4013931402152,1.0,3.0,0.3214285714285714,0.3214285714285714,0.28888888888888886,0.22033898305084743,0.3214285714285714,0.3214285714285714,1.0,1.087083339691162
2172,REINFORCE,BACE1,17,124,30.3543803691864,CN(C)CCOc1ccc(-c2cncc(-c3cncc(-c4cnsc4C(F)(F)F)c3)c2)cn1,true,1,true,0,0.3650975234074936,0.0,5.288300000000004,471.5080000000001,33.0,451.34800000000007,7.0,0.0,10.0,7.0,4.0,0.0,4.0,64.03,0.0,0.0,C23H20F3N5OS,1225.2564114290465,4.0,3.0,0.4464285714285714,0.4464285714285714,0.1333333333333333,0.3220338983050848,0.4464285714285714,0.4464285714285714,1.0,1.087083339691162
2173,REINFORCE,BACE1,17,125,30.3543803691864,CN(C)c1ccc(-c2cc(C(=O)Nc3ccccc3)c3nn(C)cc3n2)cc1,true,1,true,0,0.5898953238748257,0.0,3.9536000000000024,371.4440000000001,28.0,350.27600000000007,5.0,1.0,6.0,4.0,4.0,0.0,4.0,63.050000000000004,0.0,0.0,C22H21N5O,1131.030824953613,1.0,0.0,0.3928571428571429,0.3928571428571429,0.33333333333333337,0.3728813559322034,0.3928571428571429,0.3928571428571429,1.0,1.087083339691162
2174,REINFORCE,BACE1,17,126,30.3543803691864,O=C(c1ccc(F)c(C(F)(F)F)c1)N1CCOC(Cn2cncn2)C1,true,1,true,0,0.7875748185485135,0.0,1.9771999999999998,358.2950000000001,25.0,344.18300000000005,5.0,0.0,10.0,3.0,2.0,1.0,3.0,60.25,0.0,0.0,C15H14F4N4O2,748.4847853858686,2.0,4.0,0.3389830508474576,0.3214285714285714,0.2666666666666667,0.3389830508474576,0.3389830508474576,0.3389830508474576,1.0,1.087083339691162
2175,REINFORCE,BACE1,17,127,30.3543803691864,CN1CC(c2ccccc2)N(c2ccco2)CCS1(=O)=O,true,1,true,0,0.8524595257479963,0.0,2.1025,306.387,21.0,288.243,4.0,0.0,6.0,2.0,2.0,1.0,3.0,53.76,0.0,0.0,C15H18N2O3S,682.9735138137265,1.0,0.0,0.3571428571428571,0.3571428571428571,0.28888888888888886,0.3389830508474576,0.3571428571428571,0.3571428571428571,1.0,1.087083339691162
